SRR20002453	/nfs3_ib/nfs-ip34/home/def-ilafores/analysis/MethodsComparison/AD_Skin/preproc/SRR20002453/SRR20002453_paired_1.fastq	/nfs3_ib/nfs-ip34/home/def-ilafores/analysis/MethodsComparison/AD_Skin/preproc/SRR20002453/SRR20002453_paired_2.fastq	/nfs3_ib/nfs-ip34/home/def-ilafores/analysis/MethodsComparison/AD_Skin/preproc/SRR20002453/SRR20002453_unmatched_1.fastq	/nfs3_ib/nfs-ip34/home/def-ilafores/analysis/MethodsComparison/AD_Skin/preproc/SRR20002453/SRR20002453_unmatched_2.fastq
SRR20002420	/nfs3_ib/nfs-ip34/home/def-ilafores/analysis/MethodsComparison/AD_Skin/preproc/SRR20002420/SRR20002420_paired_1.fastq	/nfs3_ib/nfs-ip34/home/def-ilafores/analysis/MethodsComparison/AD_Skin/preproc/SRR20002420/SRR20002420_paired_2.fastq	/nfs3_ib/nfs-ip34/home/def-ilafores/analysis/MethodsComparison/AD_Skin/preproc/SRR20002420/SRR20002420_unmatched_1.fastq	/nfs3_ib/nfs-ip34/home/def-ilafores/analysis/MethodsComparison/AD_Skin/preproc/SRR20002420/SRR20002420_unmatched_2.fastq
SRR20002445	/nfs3_ib/nfs-ip34/home/def-ilafores/analysis/MethodsComparison/AD_Skin/preproc/SRR20002445/SRR20002445_paired_1.fastq	/nfs3_ib/nfs-ip34/home/def-ilafores/analysis/MethodsComparison/AD_Skin/preproc/SRR20002445/SRR20002445_paired_2.fastq	/nfs3_ib/nfs-ip34/home/def-ilafores/analysis/MethodsComparison/AD_Skin/preproc/SRR20002445/SRR20002445_unmatched_1.fastq	/nfs3_ib/nfs-ip34/home/def-ilafores/analysis/MethodsComparison/AD_Skin/preproc/SRR20002445/SRR20002445_unmatched_2.fastq
SRR20002436	/nfs3_ib/nfs-ip34/home/def-ilafores/analysis/MethodsComparison/AD_Skin/preproc/SRR20002436/SRR20002436_paired_1.fastq	/nfs3_ib/nfs-ip34/home/def-ilafores/analysis/MethodsComparison/AD_Skin/preproc/SRR20002436/SRR20002436_paired_2.fastq	/nfs3_ib/nfs-ip34/home/def-ilafores/analysis/MethodsComparison/AD_Skin/preproc/SRR20002436/SRR20002436_unmatched_1.fastq	/nfs3_ib/nfs-ip34/home/def-ilafores/analysis/MethodsComparison/AD_Skin/preproc/SRR20002436/SRR20002436_unmatched_2.fastq
SRR20002469	/nfs3_ib/nfs-ip34/home/def-ilafores/analysis/MethodsComparison/AD_Skin/preproc/SRR20002469/SRR20002469_paired_1.fastq	/nfs3_ib/nfs-ip34/home/def-ilafores/analysis/MethodsComparison/AD_Skin/preproc/SRR20002469/SRR20002469_paired_2.fastq	/nfs3_ib/nfs-ip34/home/def-ilafores/analysis/MethodsComparison/AD_Skin/preproc/SRR20002469/SRR20002469_unmatched_1.fastq	/nfs3_ib/nfs-ip34/home/def-ilafores/analysis/MethodsComparison/AD_Skin/preproc/SRR20002469/SRR20002469_unmatched_2.fastq
SRR20002373	/nfs3_ib/nfs-ip34/home/def-ilafores/analysis/MethodsComparison/AD_Skin/preproc/SRR20002373/SRR20002373_paired_1.fastq	/nfs3_ib/nfs-ip34/home/def-ilafores/analysis/MethodsComparison/AD_Skin/preproc/SRR20002373/SRR20002373_paired_2.fastq	/nfs3_ib/nfs-ip34/home/def-ilafores/analysis/MethodsComparison/AD_Skin/preproc/SRR20002373/SRR20002373_unmatched_1.fastq	/nfs3_ib/nfs-ip34/home/def-ilafores/analysis/MethodsComparison/AD_Skin/preproc/SRR20002373/SRR20002373_unmatched_2.fastq
SRR20002383	/nfs3_ib/nfs-ip34/home/def-ilafores/analysis/MethodsComparison/AD_Skin/preproc/SRR20002383/SRR20002383_paired_1.fastq	/nfs3_ib/nfs-ip34/home/def-ilafores/analysis/MethodsComparison/AD_Skin/preproc/SRR20002383/SRR20002383_paired_2.fastq	/nfs3_ib/nfs-ip34/home/def-ilafores/analysis/MethodsComparison/AD_Skin/preproc/SRR20002383/SRR20002383_unmatched_1.fastq	/nfs3_ib/nfs-ip34/home/def-ilafores/analysis/MethodsComparison/AD_Skin/preproc/SRR20002383/SRR20002383_unmatched_2.fastq
SRR20002365	/nfs3_ib/nfs-ip34/home/def-ilafores/analysis/MethodsComparison/AD_Skin/preproc/SRR20002365/SRR20002365_paired_1.fastq	/nfs3_ib/nfs-ip34/home/def-ilafores/analysis/MethodsComparison/AD_Skin/preproc/SRR20002365/SRR20002365_paired_2.fastq	/nfs3_ib/nfs-ip34/home/def-ilafores/analysis/MethodsComparison/AD_Skin/preproc/SRR20002365/SRR20002365_unmatched_1.fastq	/nfs3_ib/nfs-ip34/home/def-ilafores/analysis/MethodsComparison/AD_Skin/preproc/SRR20002365/SRR20002365_unmatched_2.fastq
SRR20002395	/nfs3_ib/nfs-ip34/home/def-ilafores/analysis/MethodsComparison/AD_Skin/preproc/SRR20002395/SRR20002395_paired_1.fastq	/nfs3_ib/nfs-ip34/home/def-ilafores/analysis/MethodsComparison/AD_Skin/preproc/SRR20002395/SRR20002395_paired_2.fastq	/nfs3_ib/nfs-ip34/home/def-ilafores/analysis/MethodsComparison/AD_Skin/preproc/SRR20002395/SRR20002395_unmatched_1.fastq	/nfs3_ib/nfs-ip34/home/def-ilafores/analysis/MethodsComparison/AD_Skin/preproc/SRR20002395/SRR20002395_unmatched_2.fastq
SRR20002349	/nfs3_ib/nfs-ip34/home/def-ilafores/analysis/MethodsComparison/AD_Skin/preproc/SRR20002349/SRR20002349_paired_1.fastq	/nfs3_ib/nfs-ip34/home/def-ilafores/analysis/MethodsComparison/AD_Skin/preproc/SRR20002349/SRR20002349_paired_2.fastq	/nfs3_ib/nfs-ip34/home/def-ilafores/analysis/MethodsComparison/AD_Skin/preproc/SRR20002349/SRR20002349_unmatched_1.fastq	/nfs3_ib/nfs-ip34/home/def-ilafores/analysis/MethodsComparison/AD_Skin/preproc/SRR20002349/SRR20002349_unmatched_2.fastq
SRR20002342	/nfs3_ib/nfs-ip34/home/def-ilafores/analysis/MethodsComparison/AD_Skin/preproc/SRR20002342/SRR20002342_paired_1.fastq	/nfs3_ib/nfs-ip34/home/def-ilafores/analysis/MethodsComparison/AD_Skin/preproc/SRR20002342/SRR20002342_paired_2.fastq	/nfs3_ib/nfs-ip34/home/def-ilafores/analysis/MethodsComparison/AD_Skin/preproc/SRR20002342/SRR20002342_unmatched_1.fastq	/nfs3_ib/nfs-ip34/home/def-ilafores/analysis/MethodsComparison/AD_Skin/preproc/SRR20002342/SRR20002342_unmatched_2.fastq
SRR20002354	/nfs3_ib/nfs-ip34/home/def-ilafores/analysis/MethodsComparison/AD_Skin/preproc/SRR20002354/SRR20002354_paired_1.fastq	/nfs3_ib/nfs-ip34/home/def-ilafores/analysis/MethodsComparison/AD_Skin/preproc/SRR20002354/SRR20002354_paired_2.fastq	/nfs3_ib/nfs-ip34/home/def-ilafores/analysis/MethodsComparison/AD_Skin/preproc/SRR20002354/SRR20002354_unmatched_1.fastq	/nfs3_ib/nfs-ip34/home/def-ilafores/analysis/MethodsComparison/AD_Skin/preproc/SRR20002354/SRR20002354_unmatched_2.fastq
SRR20002378	/nfs3_ib/nfs-ip34/home/def-ilafores/analysis/MethodsComparison/AD_Skin/preproc/SRR20002378/SRR20002378_paired_1.fastq	/nfs3_ib/nfs-ip34/home/def-ilafores/analysis/MethodsComparison/AD_Skin/preproc/SRR20002378/SRR20002378_paired_2.fastq	/nfs3_ib/nfs-ip34/home/def-ilafores/analysis/MethodsComparison/AD_Skin/preproc/SRR20002378/SRR20002378_unmatched_1.fastq	/nfs3_ib/nfs-ip34/home/def-ilafores/analysis/MethodsComparison/AD_Skin/preproc/SRR20002378/SRR20002378_unmatched_2.fastq
SRR20002388	/nfs3_ib/nfs-ip34/home/def-ilafores/analysis/MethodsComparison/AD_Skin/preproc/SRR20002388/SRR20002388_paired_1.fastq	/nfs3_ib/nfs-ip34/home/def-ilafores/analysis/MethodsComparison/AD_Skin/preproc/SRR20002388/SRR20002388_paired_2.fastq	/nfs3_ib/nfs-ip34/home/def-ilafores/analysis/MethodsComparison/AD_Skin/preproc/SRR20002388/SRR20002388_unmatched_1.fastq	/nfs3_ib/nfs-ip34/home/def-ilafores/analysis/MethodsComparison/AD_Skin/preproc/SRR20002388/SRR20002388_unmatched_2.fastq
SRR20002462	/nfs3_ib/nfs-ip34/home/def-ilafores/analysis/MethodsComparison/AD_Skin/preproc/SRR20002462/SRR20002462_paired_1.fastq	/nfs3_ib/nfs-ip34/home/def-ilafores/analysis/MethodsComparison/AD_Skin/preproc/SRR20002462/SRR20002462_paired_2.fastq	/nfs3_ib/nfs-ip34/home/def-ilafores/analysis/MethodsComparison/AD_Skin/preproc/SRR20002462/SRR20002462_unmatched_1.fastq	/nfs3_ib/nfs-ip34/home/def-ilafores/analysis/MethodsComparison/AD_Skin/preproc/SRR20002462/SRR20002462_unmatched_2.fastq
SRR20002411	/nfs3_ib/nfs-ip34/home/def-ilafores/analysis/MethodsComparison/AD_Skin/preproc/SRR20002411/SRR20002411_paired_1.fastq	/nfs3_ib/nfs-ip34/home/def-ilafores/analysis/MethodsComparison/AD_Skin/preproc/SRR20002411/SRR20002411_paired_2.fastq	/nfs3_ib/nfs-ip34/home/def-ilafores/analysis/MethodsComparison/AD_Skin/preproc/SRR20002411/SRR20002411_unmatched_1.fastq	/nfs3_ib/nfs-ip34/home/def-ilafores/analysis/MethodsComparison/AD_Skin/preproc/SRR20002411/SRR20002411_unmatched_2.fastq
SRR20002474	/nfs3_ib/nfs-ip34/home/def-ilafores/analysis/MethodsComparison/AD_Skin/preproc/SRR20002474/SRR20002474_paired_1.fastq	/nfs3_ib/nfs-ip34/home/def-ilafores/analysis/MethodsComparison/AD_Skin/preproc/SRR20002474/SRR20002474_paired_2.fastq	/nfs3_ib/nfs-ip34/home/def-ilafores/analysis/MethodsComparison/AD_Skin/preproc/SRR20002474/SRR20002474_unmatched_1.fastq	/nfs3_ib/nfs-ip34/home/def-ilafores/analysis/MethodsComparison/AD_Skin/preproc/SRR20002474/SRR20002474_unmatched_2.fastq
SRR20002407	/nfs3_ib/nfs-ip34/home/def-ilafores/analysis/MethodsComparison/AD_Skin/preproc/SRR20002407/SRR20002407_paired_1.fastq	/nfs3_ib/nfs-ip34/home/def-ilafores/analysis/MethodsComparison/AD_Skin/preproc/SRR20002407/SRR20002407_paired_2.fastq	/nfs3_ib/nfs-ip34/home/def-ilafores/analysis/MethodsComparison/AD_Skin/preproc/SRR20002407/SRR20002407_unmatched_1.fastq	/nfs3_ib/nfs-ip34/home/def-ilafores/analysis/MethodsComparison/AD_Skin/preproc/SRR20002407/SRR20002407_unmatched_2.fastq
SRR20002484	/nfs3_ib/nfs-ip34/home/def-ilafores/analysis/MethodsComparison/AD_Skin/preproc/SRR20002484/SRR20002484_paired_1.fastq	/nfs3_ib/nfs-ip34/home/def-ilafores/analysis/MethodsComparison/AD_Skin/preproc/SRR20002484/SRR20002484_paired_2.fastq	/nfs3_ib/nfs-ip34/home/def-ilafores/analysis/MethodsComparison/AD_Skin/preproc/SRR20002484/SRR20002484_unmatched_1.fastq	/nfs3_ib/nfs-ip34/home/def-ilafores/analysis/MethodsComparison/AD_Skin/preproc/SRR20002484/SRR20002484_unmatched_2.fastq
SRR20002458	/nfs3_ib/nfs-ip34/home/def-ilafores/analysis/MethodsComparison/AD_Skin/preproc/SRR20002458/SRR20002458_paired_1.fastq	/nfs3_ib/nfs-ip34/home/def-ilafores/analysis/MethodsComparison/AD_Skin/preproc/SRR20002458/SRR20002458_paired_2.fastq	/nfs3_ib/nfs-ip34/home/def-ilafores/analysis/MethodsComparison/AD_Skin/preproc/SRR20002458/SRR20002458_unmatched_1.fastq	/nfs3_ib/nfs-ip34/home/def-ilafores/analysis/MethodsComparison/AD_Skin/preproc/SRR20002458/SRR20002458_unmatched_2.fastq
SRR20002353	/nfs3_ib/nfs-ip34/home/def-ilafores/analysis/MethodsComparison/AD_Skin/preproc/SRR20002353/SRR20002353_paired_1.fastq	/nfs3_ib/nfs-ip34/home/def-ilafores/analysis/MethodsComparison/AD_Skin/preproc/SRR20002353/SRR20002353_paired_2.fastq	/nfs3_ib/nfs-ip34/home/def-ilafores/analysis/MethodsComparison/AD_Skin/preproc/SRR20002353/SRR20002353_unmatched_1.fastq	/nfs3_ib/nfs-ip34/home/def-ilafores/analysis/MethodsComparison/AD_Skin/preproc/SRR20002353/SRR20002353_unmatched_2.fastq
SRR20002345	/nfs3_ib/nfs-ip34/home/def-ilafores/analysis/MethodsComparison/AD_Skin/preproc/SRR20002345/SRR20002345_paired_1.fastq	/nfs3_ib/nfs-ip34/home/def-ilafores/analysis/MethodsComparison/AD_Skin/preproc/SRR20002345/SRR20002345_paired_2.fastq	/nfs3_ib/nfs-ip34/home/def-ilafores/analysis/MethodsComparison/AD_Skin/preproc/SRR20002345/SRR20002345_unmatched_1.fastq	/nfs3_ib/nfs-ip34/home/def-ilafores/analysis/MethodsComparison/AD_Skin/preproc/SRR20002345/SRR20002345_unmatched_2.fastq
SRR20002399	/nfs3_ib/nfs-ip34/home/def-ilafores/analysis/MethodsComparison/AD_Skin/preproc/SRR20002399/SRR20002399_paired_1.fastq	/nfs3_ib/nfs-ip34/home/def-ilafores/analysis/MethodsComparison/AD_Skin/preproc/SRR20002399/SRR20002399_paired_2.fastq	/nfs3_ib/nfs-ip34/home/def-ilafores/analysis/MethodsComparison/AD_Skin/preproc/SRR20002399/SRR20002399_unmatched_1.fastq	/nfs3_ib/nfs-ip34/home/def-ilafores/analysis/MethodsComparison/AD_Skin/preproc/SRR20002399/SRR20002399_unmatched_2.fastq
SRR20002369	/nfs3_ib/nfs-ip34/home/def-ilafores/analysis/MethodsComparison/AD_Skin/preproc/SRR20002369/SRR20002369_paired_1.fastq	/nfs3_ib/nfs-ip34/home/def-ilafores/analysis/MethodsComparison/AD_Skin/preproc/SRR20002369/SRR20002369_paired_2.fastq	/nfs3_ib/nfs-ip34/home/def-ilafores/analysis/MethodsComparison/AD_Skin/preproc/SRR20002369/SRR20002369_unmatched_1.fastq	/nfs3_ib/nfs-ip34/home/def-ilafores/analysis/MethodsComparison/AD_Skin/preproc/SRR20002369/SRR20002369_unmatched_2.fastq
SRR20002483	/nfs3_ib/nfs-ip34/home/def-ilafores/analysis/MethodsComparison/AD_Skin/preproc/SRR20002483/SRR20002483_paired_1.fastq	/nfs3_ib/nfs-ip34/home/def-ilafores/analysis/MethodsComparison/AD_Skin/preproc/SRR20002483/SRR20002483_paired_2.fastq	/nfs3_ib/nfs-ip34/home/def-ilafores/analysis/MethodsComparison/AD_Skin/preproc/SRR20002483/SRR20002483_unmatched_1.fastq	/nfs3_ib/nfs-ip34/home/def-ilafores/analysis/MethodsComparison/AD_Skin/preproc/SRR20002483/SRR20002483_unmatched_2.fastq
SRR20002400	/nfs3_ib/nfs-ip34/home/def-ilafores/analysis/MethodsComparison/AD_Skin/preproc/SRR20002400/SRR20002400_paired_1.fastq	/nfs3_ib/nfs-ip34/home/def-ilafores/analysis/MethodsComparison/AD_Skin/preproc/SRR20002400/SRR20002400_paired_2.fastq	/nfs3_ib/nfs-ip34/home/def-ilafores/analysis/MethodsComparison/AD_Skin/preproc/SRR20002400/SRR20002400_unmatched_1.fastq	/nfs3_ib/nfs-ip34/home/def-ilafores/analysis/MethodsComparison/AD_Skin/preproc/SRR20002400/SRR20002400_unmatched_2.fastq
SRR20002473	/nfs3_ib/nfs-ip34/home/def-ilafores/analysis/MethodsComparison/AD_Skin/preproc/SRR20002473/SRR20002473_paired_1.fastq	/nfs3_ib/nfs-ip34/home/def-ilafores/analysis/MethodsComparison/AD_Skin/preproc/SRR20002473/SRR20002473_paired_2.fastq	/nfs3_ib/nfs-ip34/home/def-ilafores/analysis/MethodsComparison/AD_Skin/preproc/SRR20002473/SRR20002473_unmatched_1.fastq	/nfs3_ib/nfs-ip34/home/def-ilafores/analysis/MethodsComparison/AD_Skin/preproc/SRR20002473/SRR20002473_unmatched_2.fastq
SRR20002416	/nfs3_ib/nfs-ip34/home/def-ilafores/analysis/MethodsComparison/AD_Skin/preproc/SRR20002416/SRR20002416_paired_1.fastq	/nfs3_ib/nfs-ip34/home/def-ilafores/analysis/MethodsComparison/AD_Skin/preproc/SRR20002416/SRR20002416_paired_2.fastq	/nfs3_ib/nfs-ip34/home/def-ilafores/analysis/MethodsComparison/AD_Skin/preproc/SRR20002416/SRR20002416_unmatched_1.fastq	/nfs3_ib/nfs-ip34/home/def-ilafores/analysis/MethodsComparison/AD_Skin/preproc/SRR20002416/SRR20002416_unmatched_2.fastq
SRR20002465	/nfs3_ib/nfs-ip34/home/def-ilafores/analysis/MethodsComparison/AD_Skin/preproc/SRR20002465/SRR20002465_paired_1.fastq	/nfs3_ib/nfs-ip34/home/def-ilafores/analysis/MethodsComparison/AD_Skin/preproc/SRR20002465/SRR20002465_paired_2.fastq	/nfs3_ib/nfs-ip34/home/def-ilafores/analysis/MethodsComparison/AD_Skin/preproc/SRR20002465/SRR20002465_unmatched_1.fastq	/nfs3_ib/nfs-ip34/home/def-ilafores/analysis/MethodsComparison/AD_Skin/preproc/SRR20002465/SRR20002465_unmatched_2.fastq
SRR20002449	/nfs3_ib/nfs-ip34/home/def-ilafores/analysis/MethodsComparison/AD_Skin/preproc/SRR20002449/SRR20002449_paired_1.fastq	/nfs3_ib/nfs-ip34/home/def-ilafores/analysis/MethodsComparison/AD_Skin/preproc/SRR20002449/SRR20002449_paired_2.fastq	/nfs3_ib/nfs-ip34/home/def-ilafores/analysis/MethodsComparison/AD_Skin/preproc/SRR20002449/SRR20002449_unmatched_1.fastq	/nfs3_ib/nfs-ip34/home/def-ilafores/analysis/MethodsComparison/AD_Skin/preproc/SRR20002449/SRR20002449_unmatched_2.fastq
SRR20002431	/nfs3_ib/nfs-ip34/home/def-ilafores/analysis/MethodsComparison/AD_Skin/preproc/SRR20002431/SRR20002431_paired_1.fastq	/nfs3_ib/nfs-ip34/home/def-ilafores/analysis/MethodsComparison/AD_Skin/preproc/SRR20002431/SRR20002431_paired_2.fastq	/nfs3_ib/nfs-ip34/home/def-ilafores/analysis/MethodsComparison/AD_Skin/preproc/SRR20002431/SRR20002431_unmatched_1.fastq	/nfs3_ib/nfs-ip34/home/def-ilafores/analysis/MethodsComparison/AD_Skin/preproc/SRR20002431/SRR20002431_unmatched_2.fastq
SRR20002442	/nfs3_ib/nfs-ip34/home/def-ilafores/analysis/MethodsComparison/AD_Skin/preproc/SRR20002442/SRR20002442_paired_1.fastq	/nfs3_ib/nfs-ip34/home/def-ilafores/analysis/MethodsComparison/AD_Skin/preproc/SRR20002442/SRR20002442_paired_2.fastq	/nfs3_ib/nfs-ip34/home/def-ilafores/analysis/MethodsComparison/AD_Skin/preproc/SRR20002442/SRR20002442_unmatched_1.fastq	/nfs3_ib/nfs-ip34/home/def-ilafores/analysis/MethodsComparison/AD_Skin/preproc/SRR20002442/SRR20002442_unmatched_2.fastq
SRR20002427	/nfs3_ib/nfs-ip34/home/def-ilafores/analysis/MethodsComparison/AD_Skin/preproc/SRR20002427/SRR20002427_paired_1.fastq	/nfs3_ib/nfs-ip34/home/def-ilafores/analysis/MethodsComparison/AD_Skin/preproc/SRR20002427/SRR20002427_paired_2.fastq	/nfs3_ib/nfs-ip34/home/def-ilafores/analysis/MethodsComparison/AD_Skin/preproc/SRR20002427/SRR20002427_unmatched_1.fastq	/nfs3_ib/nfs-ip34/home/def-ilafores/analysis/MethodsComparison/AD_Skin/preproc/SRR20002427/SRR20002427_unmatched_2.fastq
SRR20002454	/nfs3_ib/nfs-ip34/home/def-ilafores/analysis/MethodsComparison/AD_Skin/preproc/SRR20002454/SRR20002454_paired_1.fastq	/nfs3_ib/nfs-ip34/home/def-ilafores/analysis/MethodsComparison/AD_Skin/preproc/SRR20002454/SRR20002454_paired_2.fastq	/nfs3_ib/nfs-ip34/home/def-ilafores/analysis/MethodsComparison/AD_Skin/preproc/SRR20002454/SRR20002454_unmatched_1.fastq	/nfs3_ib/nfs-ip34/home/def-ilafores/analysis/MethodsComparison/AD_Skin/preproc/SRR20002454/SRR20002454_unmatched_2.fastq
SRR20002478	/nfs3_ib/nfs-ip34/home/def-ilafores/analysis/MethodsComparison/AD_Skin/preproc/SRR20002478/SRR20002478_paired_1.fastq	/nfs3_ib/nfs-ip34/home/def-ilafores/analysis/MethodsComparison/AD_Skin/preproc/SRR20002478/SRR20002478_paired_2.fastq	/nfs3_ib/nfs-ip34/home/def-ilafores/analysis/MethodsComparison/AD_Skin/preproc/SRR20002478/SRR20002478_unmatched_1.fastq	/nfs3_ib/nfs-ip34/home/def-ilafores/analysis/MethodsComparison/AD_Skin/preproc/SRR20002478/SRR20002478_unmatched_2.fastq
SRR20002392	/nfs3_ib/nfs-ip34/home/def-ilafores/analysis/MethodsComparison/AD_Skin/preproc/SRR20002392/SRR20002392_paired_1.fastq	/nfs3_ib/nfs-ip34/home/def-ilafores/analysis/MethodsComparison/AD_Skin/preproc/SRR20002392/SRR20002392_paired_2.fastq	/nfs3_ib/nfs-ip34/home/def-ilafores/analysis/MethodsComparison/AD_Skin/preproc/SRR20002392/SRR20002392_unmatched_1.fastq	/nfs3_ib/nfs-ip34/home/def-ilafores/analysis/MethodsComparison/AD_Skin/preproc/SRR20002392/SRR20002392_unmatched_2.fastq
SRR20002362	/nfs3_ib/nfs-ip34/home/def-ilafores/analysis/MethodsComparison/AD_Skin/preproc/SRR20002362/SRR20002362_paired_1.fastq	/nfs3_ib/nfs-ip34/home/def-ilafores/analysis/MethodsComparison/AD_Skin/preproc/SRR20002362/SRR20002362_paired_2.fastq	/nfs3_ib/nfs-ip34/home/def-ilafores/analysis/MethodsComparison/AD_Skin/preproc/SRR20002362/SRR20002362_unmatched_1.fastq	/nfs3_ib/nfs-ip34/home/def-ilafores/analysis/MethodsComparison/AD_Skin/preproc/SRR20002362/SRR20002362_unmatched_2.fastq
SRR20002384	/nfs3_ib/nfs-ip34/home/def-ilafores/analysis/MethodsComparison/AD_Skin/preproc/SRR20002384/SRR20002384_paired_1.fastq	/nfs3_ib/nfs-ip34/home/def-ilafores/analysis/MethodsComparison/AD_Skin/preproc/SRR20002384/SRR20002384_paired_2.fastq	/nfs3_ib/nfs-ip34/home/def-ilafores/analysis/MethodsComparison/AD_Skin/preproc/SRR20002384/SRR20002384_unmatched_1.fastq	/nfs3_ib/nfs-ip34/home/def-ilafores/analysis/MethodsComparison/AD_Skin/preproc/SRR20002384/SRR20002384_unmatched_2.fastq
SRR20002374	/nfs3_ib/nfs-ip34/home/def-ilafores/analysis/MethodsComparison/AD_Skin/preproc/SRR20002374/SRR20002374_paired_1.fastq	/nfs3_ib/nfs-ip34/home/def-ilafores/analysis/MethodsComparison/AD_Skin/preproc/SRR20002374/SRR20002374_paired_2.fastq	/nfs3_ib/nfs-ip34/home/def-ilafores/analysis/MethodsComparison/AD_Skin/preproc/SRR20002374/SRR20002374_unmatched_1.fastq	/nfs3_ib/nfs-ip34/home/def-ilafores/analysis/MethodsComparison/AD_Skin/preproc/SRR20002374/SRR20002374_unmatched_2.fastq
SRR20002358	/nfs3_ib/nfs-ip34/home/def-ilafores/analysis/MethodsComparison/AD_Skin/preproc/SRR20002358/SRR20002358_paired_1.fastq	/nfs3_ib/nfs-ip34/home/def-ilafores/analysis/MethodsComparison/AD_Skin/preproc/SRR20002358/SRR20002358_paired_2.fastq	/nfs3_ib/nfs-ip34/home/def-ilafores/analysis/MethodsComparison/AD_Skin/preproc/SRR20002358/SRR20002358_unmatched_1.fastq	/nfs3_ib/nfs-ip34/home/def-ilafores/analysis/MethodsComparison/AD_Skin/preproc/SRR20002358/SRR20002358_unmatched_2.fastq
SRR20002367	/nfs3_ib/nfs-ip34/home/def-ilafores/analysis/MethodsComparison/AD_Skin/preproc/SRR20002367/SRR20002367_paired_1.fastq	/nfs3_ib/nfs-ip34/home/def-ilafores/analysis/MethodsComparison/AD_Skin/preproc/SRR20002367/SRR20002367_paired_2.fastq	/nfs3_ib/nfs-ip34/home/def-ilafores/analysis/MethodsComparison/AD_Skin/preproc/SRR20002367/SRR20002367_unmatched_1.fastq	/nfs3_ib/nfs-ip34/home/def-ilafores/analysis/MethodsComparison/AD_Skin/preproc/SRR20002367/SRR20002367_unmatched_2.fastq
SRR20002397	/nfs3_ib/nfs-ip34/home/def-ilafores/analysis/MethodsComparison/AD_Skin/preproc/SRR20002397/SRR20002397_paired_1.fastq	/nfs3_ib/nfs-ip34/home/def-ilafores/analysis/MethodsComparison/AD_Skin/preproc/SRR20002397/SRR20002397_paired_2.fastq	/nfs3_ib/nfs-ip34/home/def-ilafores/analysis/MethodsComparison/AD_Skin/preproc/SRR20002397/SRR20002397_unmatched_1.fastq	/nfs3_ib/nfs-ip34/home/def-ilafores/analysis/MethodsComparison/AD_Skin/preproc/SRR20002397/SRR20002397_unmatched_2.fastq
SRR20002371	/nfs3_ib/nfs-ip34/home/def-ilafores/analysis/MethodsComparison/AD_Skin/preproc/SRR20002371/SRR20002371_paired_1.fastq	/nfs3_ib/nfs-ip34/home/def-ilafores/analysis/MethodsComparison/AD_Skin/preproc/SRR20002371/SRR20002371_paired_2.fastq	/nfs3_ib/nfs-ip34/home/def-ilafores/analysis/MethodsComparison/AD_Skin/preproc/SRR20002371/SRR20002371_unmatched_1.fastq	/nfs3_ib/nfs-ip34/home/def-ilafores/analysis/MethodsComparison/AD_Skin/preproc/SRR20002371/SRR20002371_unmatched_2.fastq
SRR20002381	/nfs3_ib/nfs-ip34/home/def-ilafores/analysis/MethodsComparison/AD_Skin/preproc/SRR20002381/SRR20002381_paired_1.fastq	/nfs3_ib/nfs-ip34/home/def-ilafores/analysis/MethodsComparison/AD_Skin/preproc/SRR20002381/SRR20002381_paired_2.fastq	/nfs3_ib/nfs-ip34/home/def-ilafores/analysis/MethodsComparison/AD_Skin/preproc/SRR20002381/SRR20002381_unmatched_1.fastq	/nfs3_ib/nfs-ip34/home/def-ilafores/analysis/MethodsComparison/AD_Skin/preproc/SRR20002381/SRR20002381_unmatched_2.fastq
SRR20002447	/nfs3_ib/nfs-ip34/home/def-ilafores/analysis/MethodsComparison/AD_Skin/preproc/SRR20002447/SRR20002447_paired_1.fastq	/nfs3_ib/nfs-ip34/home/def-ilafores/analysis/MethodsComparison/AD_Skin/preproc/SRR20002447/SRR20002447_paired_2.fastq	/nfs3_ib/nfs-ip34/home/def-ilafores/analysis/MethodsComparison/AD_Skin/preproc/SRR20002447/SRR20002447_unmatched_1.fastq	/nfs3_ib/nfs-ip34/home/def-ilafores/analysis/MethodsComparison/AD_Skin/preproc/SRR20002447/SRR20002447_unmatched_2.fastq
SRR20002434	/nfs3_ib/nfs-ip34/home/def-ilafores/analysis/MethodsComparison/AD_Skin/preproc/SRR20002434/SRR20002434_paired_1.fastq	/nfs3_ib/nfs-ip34/home/def-ilafores/analysis/MethodsComparison/AD_Skin/preproc/SRR20002434/SRR20002434_paired_2.fastq	/nfs3_ib/nfs-ip34/home/def-ilafores/analysis/MethodsComparison/AD_Skin/preproc/SRR20002434/SRR20002434_unmatched_1.fastq	/nfs3_ib/nfs-ip34/home/def-ilafores/analysis/MethodsComparison/AD_Skin/preproc/SRR20002434/SRR20002434_unmatched_2.fastq
SRR20002451	/nfs3_ib/nfs-ip34/home/def-ilafores/analysis/MethodsComparison/AD_Skin/preproc/SRR20002451/SRR20002451_paired_1.fastq	/nfs3_ib/nfs-ip34/home/def-ilafores/analysis/MethodsComparison/AD_Skin/preproc/SRR20002451/SRR20002451_paired_2.fastq	/nfs3_ib/nfs-ip34/home/def-ilafores/analysis/MethodsComparison/AD_Skin/preproc/SRR20002451/SRR20002451_unmatched_1.fastq	/nfs3_ib/nfs-ip34/home/def-ilafores/analysis/MethodsComparison/AD_Skin/preproc/SRR20002451/SRR20002451_unmatched_2.fastq
SRR20002422	/nfs3_ib/nfs-ip34/home/def-ilafores/analysis/MethodsComparison/AD_Skin/preproc/SRR20002422/SRR20002422_paired_1.fastq	/nfs3_ib/nfs-ip34/home/def-ilafores/analysis/MethodsComparison/AD_Skin/preproc/SRR20002422/SRR20002422_paired_2.fastq	/nfs3_ib/nfs-ip34/home/def-ilafores/analysis/MethodsComparison/AD_Skin/preproc/SRR20002422/SRR20002422_unmatched_1.fastq	/nfs3_ib/nfs-ip34/home/def-ilafores/analysis/MethodsComparison/AD_Skin/preproc/SRR20002422/SRR20002422_unmatched_2.fastq
SRR20002418	/nfs3_ib/nfs-ip34/home/def-ilafores/analysis/MethodsComparison/AD_Skin/preproc/SRR20002418/SRR20002418_paired_1.fastq	/nfs3_ib/nfs-ip34/home/def-ilafores/analysis/MethodsComparison/AD_Skin/preproc/SRR20002418/SRR20002418_paired_2.fastq	/nfs3_ib/nfs-ip34/home/def-ilafores/analysis/MethodsComparison/AD_Skin/preproc/SRR20002418/SRR20002418_unmatched_1.fastq	/nfs3_ib/nfs-ip34/home/def-ilafores/analysis/MethodsComparison/AD_Skin/preproc/SRR20002418/SRR20002418_unmatched_2.fastq
SRR20002476	/nfs3_ib/nfs-ip34/home/def-ilafores/analysis/MethodsComparison/AD_Skin/preproc/SRR20002476/SRR20002476_paired_1.fastq	/nfs3_ib/nfs-ip34/home/def-ilafores/analysis/MethodsComparison/AD_Skin/preproc/SRR20002476/SRR20002476_paired_2.fastq	/nfs3_ib/nfs-ip34/home/def-ilafores/analysis/MethodsComparison/AD_Skin/preproc/SRR20002476/SRR20002476_unmatched_1.fastq	/nfs3_ib/nfs-ip34/home/def-ilafores/analysis/MethodsComparison/AD_Skin/preproc/SRR20002476/SRR20002476_unmatched_2.fastq
SRR20002486	/nfs3_ib/nfs-ip34/home/def-ilafores/analysis/MethodsComparison/AD_Skin/preproc/SRR20002486/SRR20002486_paired_1.fastq	/nfs3_ib/nfs-ip34/home/def-ilafores/analysis/MethodsComparison/AD_Skin/preproc/SRR20002486/SRR20002486_paired_2.fastq	/nfs3_ib/nfs-ip34/home/def-ilafores/analysis/MethodsComparison/AD_Skin/preproc/SRR20002486/SRR20002486_unmatched_1.fastq	/nfs3_ib/nfs-ip34/home/def-ilafores/analysis/MethodsComparison/AD_Skin/preproc/SRR20002486/SRR20002486_unmatched_2.fastq
SRR20002405	/nfs3_ib/nfs-ip34/home/def-ilafores/analysis/MethodsComparison/AD_Skin/preproc/SRR20002405/SRR20002405_paired_1.fastq	/nfs3_ib/nfs-ip34/home/def-ilafores/analysis/MethodsComparison/AD_Skin/preproc/SRR20002405/SRR20002405_paired_2.fastq	/nfs3_ib/nfs-ip34/home/def-ilafores/analysis/MethodsComparison/AD_Skin/preproc/SRR20002405/SRR20002405_unmatched_1.fastq	/nfs3_ib/nfs-ip34/home/def-ilafores/analysis/MethodsComparison/AD_Skin/preproc/SRR20002405/SRR20002405_unmatched_2.fastq
SRR20002460	/nfs3_ib/nfs-ip34/home/def-ilafores/analysis/MethodsComparison/AD_Skin/preproc/SRR20002460/SRR20002460_paired_1.fastq	/nfs3_ib/nfs-ip34/home/def-ilafores/analysis/MethodsComparison/AD_Skin/preproc/SRR20002460/SRR20002460_paired_2.fastq	/nfs3_ib/nfs-ip34/home/def-ilafores/analysis/MethodsComparison/AD_Skin/preproc/SRR20002460/SRR20002460_unmatched_1.fastq	/nfs3_ib/nfs-ip34/home/def-ilafores/analysis/MethodsComparison/AD_Skin/preproc/SRR20002460/SRR20002460_unmatched_2.fastq
SRR20002413	/nfs3_ib/nfs-ip34/home/def-ilafores/analysis/MethodsComparison/AD_Skin/preproc/SRR20002413/SRR20002413_paired_1.fastq	/nfs3_ib/nfs-ip34/home/def-ilafores/analysis/MethodsComparison/AD_Skin/preproc/SRR20002413/SRR20002413_paired_2.fastq	/nfs3_ib/nfs-ip34/home/def-ilafores/analysis/MethodsComparison/AD_Skin/preproc/SRR20002413/SRR20002413_unmatched_1.fastq	/nfs3_ib/nfs-ip34/home/def-ilafores/analysis/MethodsComparison/AD_Skin/preproc/SRR20002413/SRR20002413_unmatched_2.fastq
SRR20002429	/nfs3_ib/nfs-ip34/home/def-ilafores/analysis/MethodsComparison/AD_Skin/preproc/SRR20002429/SRR20002429_paired_1.fastq	/nfs3_ib/nfs-ip34/home/def-ilafores/analysis/MethodsComparison/AD_Skin/preproc/SRR20002429/SRR20002429_paired_2.fastq	/nfs3_ib/nfs-ip34/home/def-ilafores/analysis/MethodsComparison/AD_Skin/preproc/SRR20002429/SRR20002429_unmatched_1.fastq	/nfs3_ib/nfs-ip34/home/def-ilafores/analysis/MethodsComparison/AD_Skin/preproc/SRR20002429/SRR20002429_unmatched_2.fastq
SRR20002356	/nfs3_ib/nfs-ip34/home/def-ilafores/analysis/MethodsComparison/AD_Skin/preproc/SRR20002356/SRR20002356_paired_1.fastq	/nfs3_ib/nfs-ip34/home/def-ilafores/analysis/MethodsComparison/AD_Skin/preproc/SRR20002356/SRR20002356_paired_2.fastq	/nfs3_ib/nfs-ip34/home/def-ilafores/analysis/MethodsComparison/AD_Skin/preproc/SRR20002356/SRR20002356_unmatched_1.fastq	/nfs3_ib/nfs-ip34/home/def-ilafores/analysis/MethodsComparison/AD_Skin/preproc/SRR20002356/SRR20002356_unmatched_2.fastq
SRR20002340	/nfs3_ib/nfs-ip34/home/def-ilafores/analysis/MethodsComparison/AD_Skin/preproc/SRR20002340/SRR20002340_paired_1.fastq	/nfs3_ib/nfs-ip34/home/def-ilafores/analysis/MethodsComparison/AD_Skin/preproc/SRR20002340/SRR20002340_paired_2.fastq	/nfs3_ib/nfs-ip34/home/def-ilafores/analysis/MethodsComparison/AD_Skin/preproc/SRR20002340/SRR20002340_unmatched_1.fastq	/nfs3_ib/nfs-ip34/home/def-ilafores/analysis/MethodsComparison/AD_Skin/preproc/SRR20002340/SRR20002340_unmatched_2.fastq
SRR20002414	/nfs3_ib/nfs-ip34/home/def-ilafores/analysis/MethodsComparison/AD_Skin/preproc/SRR20002414/SRR20002414_paired_1.fastq	/nfs3_ib/nfs-ip34/home/def-ilafores/analysis/MethodsComparison/AD_Skin/preproc/SRR20002414/SRR20002414_paired_2.fastq	/nfs3_ib/nfs-ip34/home/def-ilafores/analysis/MethodsComparison/AD_Skin/preproc/SRR20002414/SRR20002414_unmatched_1.fastq	/nfs3_ib/nfs-ip34/home/def-ilafores/analysis/MethodsComparison/AD_Skin/preproc/SRR20002414/SRR20002414_unmatched_2.fastq
SRR20002467	/nfs3_ib/nfs-ip34/home/def-ilafores/analysis/MethodsComparison/AD_Skin/preproc/SRR20002467/SRR20002467_paired_1.fastq	/nfs3_ib/nfs-ip34/home/def-ilafores/analysis/MethodsComparison/AD_Skin/preproc/SRR20002467/SRR20002467_paired_2.fastq	/nfs3_ib/nfs-ip34/home/def-ilafores/analysis/MethodsComparison/AD_Skin/preproc/SRR20002467/SRR20002467_unmatched_1.fastq	/nfs3_ib/nfs-ip34/home/def-ilafores/analysis/MethodsComparison/AD_Skin/preproc/SRR20002467/SRR20002467_unmatched_2.fastq
SRR20002402	/nfs3_ib/nfs-ip34/home/def-ilafores/analysis/MethodsComparison/AD_Skin/preproc/SRR20002402/SRR20002402_paired_1.fastq	/nfs3_ib/nfs-ip34/home/def-ilafores/analysis/MethodsComparison/AD_Skin/preproc/SRR20002402/SRR20002402_paired_2.fastq	/nfs3_ib/nfs-ip34/home/def-ilafores/analysis/MethodsComparison/AD_Skin/preproc/SRR20002402/SRR20002402_unmatched_1.fastq	/nfs3_ib/nfs-ip34/home/def-ilafores/analysis/MethodsComparison/AD_Skin/preproc/SRR20002402/SRR20002402_unmatched_2.fastq
SRR20002481	/nfs3_ib/nfs-ip34/home/def-ilafores/analysis/MethodsComparison/AD_Skin/preproc/SRR20002481/SRR20002481_paired_1.fastq	/nfs3_ib/nfs-ip34/home/def-ilafores/analysis/MethodsComparison/AD_Skin/preproc/SRR20002481/SRR20002481_paired_2.fastq	/nfs3_ib/nfs-ip34/home/def-ilafores/analysis/MethodsComparison/AD_Skin/preproc/SRR20002481/SRR20002481_unmatched_1.fastq	/nfs3_ib/nfs-ip34/home/def-ilafores/analysis/MethodsComparison/AD_Skin/preproc/SRR20002481/SRR20002481_unmatched_2.fastq
SRR20002471	/nfs3_ib/nfs-ip34/home/def-ilafores/analysis/MethodsComparison/AD_Skin/preproc/SRR20002471/SRR20002471_paired_1.fastq	/nfs3_ib/nfs-ip34/home/def-ilafores/analysis/MethodsComparison/AD_Skin/preproc/SRR20002471/SRR20002471_paired_2.fastq	/nfs3_ib/nfs-ip34/home/def-ilafores/analysis/MethodsComparison/AD_Skin/preproc/SRR20002471/SRR20002471_unmatched_1.fastq	/nfs3_ib/nfs-ip34/home/def-ilafores/analysis/MethodsComparison/AD_Skin/preproc/SRR20002471/SRR20002471_unmatched_2.fastq
SRR20002438	/nfs3_ib/nfs-ip34/home/def-ilafores/analysis/MethodsComparison/AD_Skin/preproc/SRR20002438/SRR20002438_paired_1.fastq	/nfs3_ib/nfs-ip34/home/def-ilafores/analysis/MethodsComparison/AD_Skin/preproc/SRR20002438/SRR20002438_paired_2.fastq	/nfs3_ib/nfs-ip34/home/def-ilafores/analysis/MethodsComparison/AD_Skin/preproc/SRR20002438/SRR20002438_unmatched_1.fastq	/nfs3_ib/nfs-ip34/home/def-ilafores/analysis/MethodsComparison/AD_Skin/preproc/SRR20002438/SRR20002438_unmatched_2.fastq
SRR20002347	/nfs3_ib/nfs-ip34/home/def-ilafores/analysis/MethodsComparison/AD_Skin/preproc/SRR20002347/SRR20002347_paired_1.fastq	/nfs3_ib/nfs-ip34/home/def-ilafores/analysis/MethodsComparison/AD_Skin/preproc/SRR20002347/SRR20002347_paired_2.fastq	/nfs3_ib/nfs-ip34/home/def-ilafores/analysis/MethodsComparison/AD_Skin/preproc/SRR20002347/SRR20002347_unmatched_1.fastq	/nfs3_ib/nfs-ip34/home/def-ilafores/analysis/MethodsComparison/AD_Skin/preproc/SRR20002347/SRR20002347_unmatched_2.fastq
SRR20002351	/nfs3_ib/nfs-ip34/home/def-ilafores/analysis/MethodsComparison/AD_Skin/preproc/SRR20002351/SRR20002351_paired_1.fastq	/nfs3_ib/nfs-ip34/home/def-ilafores/analysis/MethodsComparison/AD_Skin/preproc/SRR20002351/SRR20002351_paired_2.fastq	/nfs3_ib/nfs-ip34/home/def-ilafores/analysis/MethodsComparison/AD_Skin/preproc/SRR20002351/SRR20002351_unmatched_1.fastq	/nfs3_ib/nfs-ip34/home/def-ilafores/analysis/MethodsComparison/AD_Skin/preproc/SRR20002351/SRR20002351_unmatched_2.fastq
SRR20002386	/nfs3_ib/nfs-ip34/home/def-ilafores/analysis/MethodsComparison/AD_Skin/preproc/SRR20002386/SRR20002386_paired_1.fastq	/nfs3_ib/nfs-ip34/home/def-ilafores/analysis/MethodsComparison/AD_Skin/preproc/SRR20002386/SRR20002386_paired_2.fastq	/nfs3_ib/nfs-ip34/home/def-ilafores/analysis/MethodsComparison/AD_Skin/preproc/SRR20002386/SRR20002386_unmatched_1.fastq	/nfs3_ib/nfs-ip34/home/def-ilafores/analysis/MethodsComparison/AD_Skin/preproc/SRR20002386/SRR20002386_unmatched_2.fastq
SRR20002376	/nfs3_ib/nfs-ip34/home/def-ilafores/analysis/MethodsComparison/AD_Skin/preproc/SRR20002376/SRR20002376_paired_1.fastq	/nfs3_ib/nfs-ip34/home/def-ilafores/analysis/MethodsComparison/AD_Skin/preproc/SRR20002376/SRR20002376_paired_2.fastq	/nfs3_ib/nfs-ip34/home/def-ilafores/analysis/MethodsComparison/AD_Skin/preproc/SRR20002376/SRR20002376_unmatched_1.fastq	/nfs3_ib/nfs-ip34/home/def-ilafores/analysis/MethodsComparison/AD_Skin/preproc/SRR20002376/SRR20002376_unmatched_2.fastq
SRR20002390	/nfs3_ib/nfs-ip34/home/def-ilafores/analysis/MethodsComparison/AD_Skin/preproc/SRR20002390/SRR20002390_paired_1.fastq	/nfs3_ib/nfs-ip34/home/def-ilafores/analysis/MethodsComparison/AD_Skin/preproc/SRR20002390/SRR20002390_paired_2.fastq	/nfs3_ib/nfs-ip34/home/def-ilafores/analysis/MethodsComparison/AD_Skin/preproc/SRR20002390/SRR20002390_unmatched_1.fastq	/nfs3_ib/nfs-ip34/home/def-ilafores/analysis/MethodsComparison/AD_Skin/preproc/SRR20002390/SRR20002390_unmatched_2.fastq
SRR20002360	/nfs3_ib/nfs-ip34/home/def-ilafores/analysis/MethodsComparison/AD_Skin/preproc/SRR20002360/SRR20002360_paired_1.fastq	/nfs3_ib/nfs-ip34/home/def-ilafores/analysis/MethodsComparison/AD_Skin/preproc/SRR20002360/SRR20002360_paired_2.fastq	/nfs3_ib/nfs-ip34/home/def-ilafores/analysis/MethodsComparison/AD_Skin/preproc/SRR20002360/SRR20002360_unmatched_1.fastq	/nfs3_ib/nfs-ip34/home/def-ilafores/analysis/MethodsComparison/AD_Skin/preproc/SRR20002360/SRR20002360_unmatched_2.fastq
SRR20002425	/nfs3_ib/nfs-ip34/home/def-ilafores/analysis/MethodsComparison/AD_Skin/preproc/SRR20002425/SRR20002425_paired_1.fastq	/nfs3_ib/nfs-ip34/home/def-ilafores/analysis/MethodsComparison/AD_Skin/preproc/SRR20002425/SRR20002425_paired_2.fastq	/nfs3_ib/nfs-ip34/home/def-ilafores/analysis/MethodsComparison/AD_Skin/preproc/SRR20002425/SRR20002425_unmatched_1.fastq	/nfs3_ib/nfs-ip34/home/def-ilafores/analysis/MethodsComparison/AD_Skin/preproc/SRR20002425/SRR20002425_unmatched_2.fastq
SRR20002456	/nfs3_ib/nfs-ip34/home/def-ilafores/analysis/MethodsComparison/AD_Skin/preproc/SRR20002456/SRR20002456_paired_1.fastq	/nfs3_ib/nfs-ip34/home/def-ilafores/analysis/MethodsComparison/AD_Skin/preproc/SRR20002456/SRR20002456_paired_2.fastq	/nfs3_ib/nfs-ip34/home/def-ilafores/analysis/MethodsComparison/AD_Skin/preproc/SRR20002456/SRR20002456_unmatched_1.fastq	/nfs3_ib/nfs-ip34/home/def-ilafores/analysis/MethodsComparison/AD_Skin/preproc/SRR20002456/SRR20002456_unmatched_2.fastq
SRR20002433	/nfs3_ib/nfs-ip34/home/def-ilafores/analysis/MethodsComparison/AD_Skin/preproc/SRR20002433/SRR20002433_paired_1.fastq	/nfs3_ib/nfs-ip34/home/def-ilafores/analysis/MethodsComparison/AD_Skin/preproc/SRR20002433/SRR20002433_paired_2.fastq	/nfs3_ib/nfs-ip34/home/def-ilafores/analysis/MethodsComparison/AD_Skin/preproc/SRR20002433/SRR20002433_unmatched_1.fastq	/nfs3_ib/nfs-ip34/home/def-ilafores/analysis/MethodsComparison/AD_Skin/preproc/SRR20002433/SRR20002433_unmatched_2.fastq
SRR20002440	/nfs3_ib/nfs-ip34/home/def-ilafores/analysis/MethodsComparison/AD_Skin/preproc/SRR20002440/SRR20002440_paired_1.fastq	/nfs3_ib/nfs-ip34/home/def-ilafores/analysis/MethodsComparison/AD_Skin/preproc/SRR20002440/SRR20002440_paired_2.fastq	/nfs3_ib/nfs-ip34/home/def-ilafores/analysis/MethodsComparison/AD_Skin/preproc/SRR20002440/SRR20002440_unmatched_1.fastq	/nfs3_ib/nfs-ip34/home/def-ilafores/analysis/MethodsComparison/AD_Skin/preproc/SRR20002440/SRR20002440_unmatched_2.fastq
SRR20002409	/nfs3_ib/nfs-ip34/home/def-ilafores/analysis/MethodsComparison/AD_Skin/preproc/SRR20002409/SRR20002409_paired_1.fastq	/nfs3_ib/nfs-ip34/home/def-ilafores/analysis/MethodsComparison/AD_Skin/preproc/SRR20002409/SRR20002409_paired_2.fastq	/nfs3_ib/nfs-ip34/home/def-ilafores/analysis/MethodsComparison/AD_Skin/preproc/SRR20002409/SRR20002409_unmatched_1.fastq	/nfs3_ib/nfs-ip34/home/def-ilafores/analysis/MethodsComparison/AD_Skin/preproc/SRR20002409/SRR20002409_unmatched_2.fastq
SRR20002346	/nfs3_ib/nfs-ip34/home/def-ilafores/analysis/MethodsComparison/AD_Skin/preproc/SRR20002346/SRR20002346_paired_1.fastq	/nfs3_ib/nfs-ip34/home/def-ilafores/analysis/MethodsComparison/AD_Skin/preproc/SRR20002346/SRR20002346_paired_2.fastq	/nfs3_ib/nfs-ip34/home/def-ilafores/analysis/MethodsComparison/AD_Skin/preproc/SRR20002346/SRR20002346_unmatched_1.fastq	/nfs3_ib/nfs-ip34/home/def-ilafores/analysis/MethodsComparison/AD_Skin/preproc/SRR20002346/SRR20002346_unmatched_2.fastq
SRR20002350	/nfs3_ib/nfs-ip34/home/def-ilafores/analysis/MethodsComparison/AD_Skin/preproc/SRR20002350/SRR20002350_paired_1.fastq	/nfs3_ib/nfs-ip34/home/def-ilafores/analysis/MethodsComparison/AD_Skin/preproc/SRR20002350/SRR20002350_paired_2.fastq	/nfs3_ib/nfs-ip34/home/def-ilafores/analysis/MethodsComparison/AD_Skin/preproc/SRR20002350/SRR20002350_unmatched_1.fastq	/nfs3_ib/nfs-ip34/home/def-ilafores/analysis/MethodsComparison/AD_Skin/preproc/SRR20002350/SRR20002350_unmatched_2.fastq
SRR20002439	/nfs3_ib/nfs-ip34/home/def-ilafores/analysis/MethodsComparison/AD_Skin/preproc/SRR20002439/SRR20002439_paired_1.fastq	/nfs3_ib/nfs-ip34/home/def-ilafores/analysis/MethodsComparison/AD_Skin/preproc/SRR20002439/SRR20002439_paired_2.fastq	/nfs3_ib/nfs-ip34/home/def-ilafores/analysis/MethodsComparison/AD_Skin/preproc/SRR20002439/SRR20002439_unmatched_1.fastq	/nfs3_ib/nfs-ip34/home/def-ilafores/analysis/MethodsComparison/AD_Skin/preproc/SRR20002439/SRR20002439_unmatched_2.fastq
SRR20002415	/nfs3_ib/nfs-ip34/home/def-ilafores/analysis/MethodsComparison/AD_Skin/preproc/SRR20002415/SRR20002415_paired_1.fastq	/nfs3_ib/nfs-ip34/home/def-ilafores/analysis/MethodsComparison/AD_Skin/preproc/SRR20002415/SRR20002415_paired_2.fastq	/nfs3_ib/nfs-ip34/home/def-ilafores/analysis/MethodsComparison/AD_Skin/preproc/SRR20002415/SRR20002415_unmatched_1.fastq	/nfs3_ib/nfs-ip34/home/def-ilafores/analysis/MethodsComparison/AD_Skin/preproc/SRR20002415/SRR20002415_unmatched_2.fastq
SRR20002466	/nfs3_ib/nfs-ip34/home/def-ilafores/analysis/MethodsComparison/AD_Skin/preproc/SRR20002466/SRR20002466_paired_1.fastq	/nfs3_ib/nfs-ip34/home/def-ilafores/analysis/MethodsComparison/AD_Skin/preproc/SRR20002466/SRR20002466_paired_2.fastq	/nfs3_ib/nfs-ip34/home/def-ilafores/analysis/MethodsComparison/AD_Skin/preproc/SRR20002466/SRR20002466_unmatched_1.fastq	/nfs3_ib/nfs-ip34/home/def-ilafores/analysis/MethodsComparison/AD_Skin/preproc/SRR20002466/SRR20002466_unmatched_2.fastq
SRR20002403	/nfs3_ib/nfs-ip34/home/def-ilafores/analysis/MethodsComparison/AD_Skin/preproc/SRR20002403/SRR20002403_paired_1.fastq	/nfs3_ib/nfs-ip34/home/def-ilafores/analysis/MethodsComparison/AD_Skin/preproc/SRR20002403/SRR20002403_paired_2.fastq	/nfs3_ib/nfs-ip34/home/def-ilafores/analysis/MethodsComparison/AD_Skin/preproc/SRR20002403/SRR20002403_unmatched_1.fastq	/nfs3_ib/nfs-ip34/home/def-ilafores/analysis/MethodsComparison/AD_Skin/preproc/SRR20002403/SRR20002403_unmatched_2.fastq
SRR20002480	/nfs3_ib/nfs-ip34/home/def-ilafores/analysis/MethodsComparison/AD_Skin/preproc/SRR20002480/SRR20002480_paired_1.fastq	/nfs3_ib/nfs-ip34/home/def-ilafores/analysis/MethodsComparison/AD_Skin/preproc/SRR20002480/SRR20002480_paired_2.fastq	/nfs3_ib/nfs-ip34/home/def-ilafores/analysis/MethodsComparison/AD_Skin/preproc/SRR20002480/SRR20002480_unmatched_1.fastq	/nfs3_ib/nfs-ip34/home/def-ilafores/analysis/MethodsComparison/AD_Skin/preproc/SRR20002480/SRR20002480_unmatched_2.fastq
SRR20002470	/nfs3_ib/nfs-ip34/home/def-ilafores/analysis/MethodsComparison/AD_Skin/preproc/SRR20002470/SRR20002470_paired_1.fastq	/nfs3_ib/nfs-ip34/home/def-ilafores/analysis/MethodsComparison/AD_Skin/preproc/SRR20002470/SRR20002470_paired_2.fastq	/nfs3_ib/nfs-ip34/home/def-ilafores/analysis/MethodsComparison/AD_Skin/preproc/SRR20002470/SRR20002470_unmatched_1.fastq	/nfs3_ib/nfs-ip34/home/def-ilafores/analysis/MethodsComparison/AD_Skin/preproc/SRR20002470/SRR20002470_unmatched_2.fastq
SRR20002408	/nfs3_ib/nfs-ip34/home/def-ilafores/analysis/MethodsComparison/AD_Skin/preproc/SRR20002408/SRR20002408_paired_1.fastq	/nfs3_ib/nfs-ip34/home/def-ilafores/analysis/MethodsComparison/AD_Skin/preproc/SRR20002408/SRR20002408_paired_2.fastq	/nfs3_ib/nfs-ip34/home/def-ilafores/analysis/MethodsComparison/AD_Skin/preproc/SRR20002408/SRR20002408_unmatched_1.fastq	/nfs3_ib/nfs-ip34/home/def-ilafores/analysis/MethodsComparison/AD_Skin/preproc/SRR20002408/SRR20002408_unmatched_2.fastq
SRR20002424	/nfs3_ib/nfs-ip34/home/def-ilafores/analysis/MethodsComparison/AD_Skin/preproc/SRR20002424/SRR20002424_paired_1.fastq	/nfs3_ib/nfs-ip34/home/def-ilafores/analysis/MethodsComparison/AD_Skin/preproc/SRR20002424/SRR20002424_paired_2.fastq	/nfs3_ib/nfs-ip34/home/def-ilafores/analysis/MethodsComparison/AD_Skin/preproc/SRR20002424/SRR20002424_unmatched_1.fastq	/nfs3_ib/nfs-ip34/home/def-ilafores/analysis/MethodsComparison/AD_Skin/preproc/SRR20002424/SRR20002424_unmatched_2.fastq
SRR20002457	/nfs3_ib/nfs-ip34/home/def-ilafores/analysis/MethodsComparison/AD_Skin/preproc/SRR20002457/SRR20002457_paired_1.fastq	/nfs3_ib/nfs-ip34/home/def-ilafores/analysis/MethodsComparison/AD_Skin/preproc/SRR20002457/SRR20002457_paired_2.fastq	/nfs3_ib/nfs-ip34/home/def-ilafores/analysis/MethodsComparison/AD_Skin/preproc/SRR20002457/SRR20002457_unmatched_1.fastq	/nfs3_ib/nfs-ip34/home/def-ilafores/analysis/MethodsComparison/AD_Skin/preproc/SRR20002457/SRR20002457_unmatched_2.fastq
SRR20002432	/nfs3_ib/nfs-ip34/home/def-ilafores/analysis/MethodsComparison/AD_Skin/preproc/SRR20002432/SRR20002432_paired_1.fastq	/nfs3_ib/nfs-ip34/home/def-ilafores/analysis/MethodsComparison/AD_Skin/preproc/SRR20002432/SRR20002432_paired_2.fastq	/nfs3_ib/nfs-ip34/home/def-ilafores/analysis/MethodsComparison/AD_Skin/preproc/SRR20002432/SRR20002432_unmatched_1.fastq	/nfs3_ib/nfs-ip34/home/def-ilafores/analysis/MethodsComparison/AD_Skin/preproc/SRR20002432/SRR20002432_unmatched_2.fastq
SRR20002441	/nfs3_ib/nfs-ip34/home/def-ilafores/analysis/MethodsComparison/AD_Skin/preproc/SRR20002441/SRR20002441_paired_1.fastq	/nfs3_ib/nfs-ip34/home/def-ilafores/analysis/MethodsComparison/AD_Skin/preproc/SRR20002441/SRR20002441_paired_2.fastq	/nfs3_ib/nfs-ip34/home/def-ilafores/analysis/MethodsComparison/AD_Skin/preproc/SRR20002441/SRR20002441_unmatched_1.fastq	/nfs3_ib/nfs-ip34/home/def-ilafores/analysis/MethodsComparison/AD_Skin/preproc/SRR20002441/SRR20002441_unmatched_2.fastq
SRR20002387	/nfs3_ib/nfs-ip34/home/def-ilafores/analysis/MethodsComparison/AD_Skin/preproc/SRR20002387/SRR20002387_paired_1.fastq	/nfs3_ib/nfs-ip34/home/def-ilafores/analysis/MethodsComparison/AD_Skin/preproc/SRR20002387/SRR20002387_paired_2.fastq	/nfs3_ib/nfs-ip34/home/def-ilafores/analysis/MethodsComparison/AD_Skin/preproc/SRR20002387/SRR20002387_unmatched_1.fastq	/nfs3_ib/nfs-ip34/home/def-ilafores/analysis/MethodsComparison/AD_Skin/preproc/SRR20002387/SRR20002387_unmatched_2.fastq
SRR20002377	/nfs3_ib/nfs-ip34/home/def-ilafores/analysis/MethodsComparison/AD_Skin/preproc/SRR20002377/SRR20002377_paired_1.fastq	/nfs3_ib/nfs-ip34/home/def-ilafores/analysis/MethodsComparison/AD_Skin/preproc/SRR20002377/SRR20002377_paired_2.fastq	/nfs3_ib/nfs-ip34/home/def-ilafores/analysis/MethodsComparison/AD_Skin/preproc/SRR20002377/SRR20002377_unmatched_1.fastq	/nfs3_ib/nfs-ip34/home/def-ilafores/analysis/MethodsComparison/AD_Skin/preproc/SRR20002377/SRR20002377_unmatched_2.fastq
SRR20002391	/nfs3_ib/nfs-ip34/home/def-ilafores/analysis/MethodsComparison/AD_Skin/preproc/SRR20002391/SRR20002391_paired_1.fastq	/nfs3_ib/nfs-ip34/home/def-ilafores/analysis/MethodsComparison/AD_Skin/preproc/SRR20002391/SRR20002391_paired_2.fastq	/nfs3_ib/nfs-ip34/home/def-ilafores/analysis/MethodsComparison/AD_Skin/preproc/SRR20002391/SRR20002391_unmatched_1.fastq	/nfs3_ib/nfs-ip34/home/def-ilafores/analysis/MethodsComparison/AD_Skin/preproc/SRR20002391/SRR20002391_unmatched_2.fastq
SRR20002361	/nfs3_ib/nfs-ip34/home/def-ilafores/analysis/MethodsComparison/AD_Skin/preproc/SRR20002361/SRR20002361_paired_1.fastq	/nfs3_ib/nfs-ip34/home/def-ilafores/analysis/MethodsComparison/AD_Skin/preproc/SRR20002361/SRR20002361_paired_2.fastq	/nfs3_ib/nfs-ip34/home/def-ilafores/analysis/MethodsComparison/AD_Skin/preproc/SRR20002361/SRR20002361_unmatched_1.fastq	/nfs3_ib/nfs-ip34/home/def-ilafores/analysis/MethodsComparison/AD_Skin/preproc/SRR20002361/SRR20002361_unmatched_2.fastq
SRR20002419	/nfs3_ib/nfs-ip34/home/def-ilafores/analysis/MethodsComparison/AD_Skin/preproc/SRR20002419/SRR20002419_paired_1.fastq	/nfs3_ib/nfs-ip34/home/def-ilafores/analysis/MethodsComparison/AD_Skin/preproc/SRR20002419/SRR20002419_paired_2.fastq	/nfs3_ib/nfs-ip34/home/def-ilafores/analysis/MethodsComparison/AD_Skin/preproc/SRR20002419/SRR20002419_unmatched_1.fastq	/nfs3_ib/nfs-ip34/home/def-ilafores/analysis/MethodsComparison/AD_Skin/preproc/SRR20002419/SRR20002419_unmatched_2.fastq
SRR20002446	/nfs3_ib/nfs-ip34/home/def-ilafores/analysis/MethodsComparison/AD_Skin/preproc/SRR20002446/SRR20002446_paired_1.fastq	/nfs3_ib/nfs-ip34/home/def-ilafores/analysis/MethodsComparison/AD_Skin/preproc/SRR20002446/SRR20002446_paired_2.fastq	/nfs3_ib/nfs-ip34/home/def-ilafores/analysis/MethodsComparison/AD_Skin/preproc/SRR20002446/SRR20002446_unmatched_1.fastq	/nfs3_ib/nfs-ip34/home/def-ilafores/analysis/MethodsComparison/AD_Skin/preproc/SRR20002446/SRR20002446_unmatched_2.fastq
SRR20002435	/nfs3_ib/nfs-ip34/home/def-ilafores/analysis/MethodsComparison/AD_Skin/preproc/SRR20002435/SRR20002435_paired_1.fastq	/nfs3_ib/nfs-ip34/home/def-ilafores/analysis/MethodsComparison/AD_Skin/preproc/SRR20002435/SRR20002435_paired_2.fastq	/nfs3_ib/nfs-ip34/home/def-ilafores/analysis/MethodsComparison/AD_Skin/preproc/SRR20002435/SRR20002435_unmatched_1.fastq	/nfs3_ib/nfs-ip34/home/def-ilafores/analysis/MethodsComparison/AD_Skin/preproc/SRR20002435/SRR20002435_unmatched_2.fastq
SRR20002450	/nfs3_ib/nfs-ip34/home/def-ilafores/analysis/MethodsComparison/AD_Skin/preproc/SRR20002450/SRR20002450_paired_1.fastq	/nfs3_ib/nfs-ip34/home/def-ilafores/analysis/MethodsComparison/AD_Skin/preproc/SRR20002450/SRR20002450_paired_2.fastq	/nfs3_ib/nfs-ip34/home/def-ilafores/analysis/MethodsComparison/AD_Skin/preproc/SRR20002450/SRR20002450_unmatched_1.fastq	/nfs3_ib/nfs-ip34/home/def-ilafores/analysis/MethodsComparison/AD_Skin/preproc/SRR20002450/SRR20002450_unmatched_2.fastq
SRR20002423	/nfs3_ib/nfs-ip34/home/def-ilafores/analysis/MethodsComparison/AD_Skin/preproc/SRR20002423/SRR20002423_paired_1.fastq	/nfs3_ib/nfs-ip34/home/def-ilafores/analysis/MethodsComparison/AD_Skin/preproc/SRR20002423/SRR20002423_paired_2.fastq	/nfs3_ib/nfs-ip34/home/def-ilafores/analysis/MethodsComparison/AD_Skin/preproc/SRR20002423/SRR20002423_unmatched_1.fastq	/nfs3_ib/nfs-ip34/home/def-ilafores/analysis/MethodsComparison/AD_Skin/preproc/SRR20002423/SRR20002423_unmatched_2.fastq
SRR20002366	/nfs3_ib/nfs-ip34/home/def-ilafores/analysis/MethodsComparison/AD_Skin/preproc/SRR20002366/SRR20002366_paired_1.fastq	/nfs3_ib/nfs-ip34/home/def-ilafores/analysis/MethodsComparison/AD_Skin/preproc/SRR20002366/SRR20002366_paired_2.fastq	/nfs3_ib/nfs-ip34/home/def-ilafores/analysis/MethodsComparison/AD_Skin/preproc/SRR20002366/SRR20002366_unmatched_1.fastq	/nfs3_ib/nfs-ip34/home/def-ilafores/analysis/MethodsComparison/AD_Skin/preproc/SRR20002366/SRR20002366_unmatched_2.fastq
SRR20002396	/nfs3_ib/nfs-ip34/home/def-ilafores/analysis/MethodsComparison/AD_Skin/preproc/SRR20002396/SRR20002396_paired_1.fastq	/nfs3_ib/nfs-ip34/home/def-ilafores/analysis/MethodsComparison/AD_Skin/preproc/SRR20002396/SRR20002396_paired_2.fastq	/nfs3_ib/nfs-ip34/home/def-ilafores/analysis/MethodsComparison/AD_Skin/preproc/SRR20002396/SRR20002396_unmatched_1.fastq	/nfs3_ib/nfs-ip34/home/def-ilafores/analysis/MethodsComparison/AD_Skin/preproc/SRR20002396/SRR20002396_unmatched_2.fastq
SRR20002370	/nfs3_ib/nfs-ip34/home/def-ilafores/analysis/MethodsComparison/AD_Skin/preproc/SRR20002370/SRR20002370_paired_1.fastq	/nfs3_ib/nfs-ip34/home/def-ilafores/analysis/MethodsComparison/AD_Skin/preproc/SRR20002370/SRR20002370_paired_2.fastq	/nfs3_ib/nfs-ip34/home/def-ilafores/analysis/MethodsComparison/AD_Skin/preproc/SRR20002370/SRR20002370_unmatched_1.fastq	/nfs3_ib/nfs-ip34/home/def-ilafores/analysis/MethodsComparison/AD_Skin/preproc/SRR20002370/SRR20002370_unmatched_2.fastq
SRR20002380	/nfs3_ib/nfs-ip34/home/def-ilafores/analysis/MethodsComparison/AD_Skin/preproc/SRR20002380/SRR20002380_paired_1.fastq	/nfs3_ib/nfs-ip34/home/def-ilafores/analysis/MethodsComparison/AD_Skin/preproc/SRR20002380/SRR20002380_paired_2.fastq	/nfs3_ib/nfs-ip34/home/def-ilafores/analysis/MethodsComparison/AD_Skin/preproc/SRR20002380/SRR20002380_unmatched_1.fastq	/nfs3_ib/nfs-ip34/home/def-ilafores/analysis/MethodsComparison/AD_Skin/preproc/SRR20002380/SRR20002380_unmatched_2.fastq
SRR20002357	/nfs3_ib/nfs-ip34/home/def-ilafores/analysis/MethodsComparison/AD_Skin/preproc/SRR20002357/SRR20002357_paired_1.fastq	/nfs3_ib/nfs-ip34/home/def-ilafores/analysis/MethodsComparison/AD_Skin/preproc/SRR20002357/SRR20002357_paired_2.fastq	/nfs3_ib/nfs-ip34/home/def-ilafores/analysis/MethodsComparison/AD_Skin/preproc/SRR20002357/SRR20002357_unmatched_1.fastq	/nfs3_ib/nfs-ip34/home/def-ilafores/analysis/MethodsComparison/AD_Skin/preproc/SRR20002357/SRR20002357_unmatched_2.fastq
SRR20002341	/nfs3_ib/nfs-ip34/home/def-ilafores/analysis/MethodsComparison/AD_Skin/preproc/SRR20002341/SRR20002341_paired_1.fastq	/nfs3_ib/nfs-ip34/home/def-ilafores/analysis/MethodsComparison/AD_Skin/preproc/SRR20002341/SRR20002341_paired_2.fastq	/nfs3_ib/nfs-ip34/home/def-ilafores/analysis/MethodsComparison/AD_Skin/preproc/SRR20002341/SRR20002341_unmatched_1.fastq	/nfs3_ib/nfs-ip34/home/def-ilafores/analysis/MethodsComparison/AD_Skin/preproc/SRR20002341/SRR20002341_unmatched_2.fastq
SRR20002428	/nfs3_ib/nfs-ip34/home/def-ilafores/analysis/MethodsComparison/AD_Skin/preproc/SRR20002428/SRR20002428_paired_1.fastq	/nfs3_ib/nfs-ip34/home/def-ilafores/analysis/MethodsComparison/AD_Skin/preproc/SRR20002428/SRR20002428_paired_2.fastq	/nfs3_ib/nfs-ip34/home/def-ilafores/analysis/MethodsComparison/AD_Skin/preproc/SRR20002428/SRR20002428_unmatched_1.fastq	/nfs3_ib/nfs-ip34/home/def-ilafores/analysis/MethodsComparison/AD_Skin/preproc/SRR20002428/SRR20002428_unmatched_2.fastq
SRR20002477	/nfs3_ib/nfs-ip34/home/def-ilafores/analysis/MethodsComparison/AD_Skin/preproc/SRR20002477/SRR20002477_paired_1.fastq	/nfs3_ib/nfs-ip34/home/def-ilafores/analysis/MethodsComparison/AD_Skin/preproc/SRR20002477/SRR20002477_paired_2.fastq	/nfs3_ib/nfs-ip34/home/def-ilafores/analysis/MethodsComparison/AD_Skin/preproc/SRR20002477/SRR20002477_unmatched_1.fastq	/nfs3_ib/nfs-ip34/home/def-ilafores/analysis/MethodsComparison/AD_Skin/preproc/SRR20002477/SRR20002477_unmatched_2.fastq
SRR20002487	/nfs3_ib/nfs-ip34/home/def-ilafores/analysis/MethodsComparison/AD_Skin/preproc/SRR20002487/SRR20002487_paired_1.fastq	/nfs3_ib/nfs-ip34/home/def-ilafores/analysis/MethodsComparison/AD_Skin/preproc/SRR20002487/SRR20002487_paired_2.fastq	/nfs3_ib/nfs-ip34/home/def-ilafores/analysis/MethodsComparison/AD_Skin/preproc/SRR20002487/SRR20002487_unmatched_1.fastq	/nfs3_ib/nfs-ip34/home/def-ilafores/analysis/MethodsComparison/AD_Skin/preproc/SRR20002487/SRR20002487_unmatched_2.fastq
SRR20002404	/nfs3_ib/nfs-ip34/home/def-ilafores/analysis/MethodsComparison/AD_Skin/preproc/SRR20002404/SRR20002404_paired_1.fastq	/nfs3_ib/nfs-ip34/home/def-ilafores/analysis/MethodsComparison/AD_Skin/preproc/SRR20002404/SRR20002404_paired_2.fastq	/nfs3_ib/nfs-ip34/home/def-ilafores/analysis/MethodsComparison/AD_Skin/preproc/SRR20002404/SRR20002404_unmatched_1.fastq	/nfs3_ib/nfs-ip34/home/def-ilafores/analysis/MethodsComparison/AD_Skin/preproc/SRR20002404/SRR20002404_unmatched_2.fastq
SRR20002461	/nfs3_ib/nfs-ip34/home/def-ilafores/analysis/MethodsComparison/AD_Skin/preproc/SRR20002461/SRR20002461_paired_1.fastq	/nfs3_ib/nfs-ip34/home/def-ilafores/analysis/MethodsComparison/AD_Skin/preproc/SRR20002461/SRR20002461_paired_2.fastq	/nfs3_ib/nfs-ip34/home/def-ilafores/analysis/MethodsComparison/AD_Skin/preproc/SRR20002461/SRR20002461_unmatched_1.fastq	/nfs3_ib/nfs-ip34/home/def-ilafores/analysis/MethodsComparison/AD_Skin/preproc/SRR20002461/SRR20002461_unmatched_2.fastq
SRR20002412	/nfs3_ib/nfs-ip34/home/def-ilafores/analysis/MethodsComparison/AD_Skin/preproc/SRR20002412/SRR20002412_paired_1.fastq	/nfs3_ib/nfs-ip34/home/def-ilafores/analysis/MethodsComparison/AD_Skin/preproc/SRR20002412/SRR20002412_paired_2.fastq	/nfs3_ib/nfs-ip34/home/def-ilafores/analysis/MethodsComparison/AD_Skin/preproc/SRR20002412/SRR20002412_unmatched_1.fastq	/nfs3_ib/nfs-ip34/home/def-ilafores/analysis/MethodsComparison/AD_Skin/preproc/SRR20002412/SRR20002412_unmatched_2.fastq
SRR20002448	/nfs3_ib/nfs-ip34/home/def-ilafores/analysis/MethodsComparison/AD_Skin/preproc/SRR20002448/SRR20002448_paired_1.fastq	/nfs3_ib/nfs-ip34/home/def-ilafores/analysis/MethodsComparison/AD_Skin/preproc/SRR20002448/SRR20002448_paired_2.fastq	/nfs3_ib/nfs-ip34/home/def-ilafores/analysis/MethodsComparison/AD_Skin/preproc/SRR20002448/SRR20002448_unmatched_1.fastq	/nfs3_ib/nfs-ip34/home/def-ilafores/analysis/MethodsComparison/AD_Skin/preproc/SRR20002448/SRR20002448_unmatched_2.fastq
SRR20002482	/nfs3_ib/nfs-ip34/home/def-ilafores/analysis/MethodsComparison/AD_Skin/preproc/SRR20002482/SRR20002482_paired_1.fastq	/nfs3_ib/nfs-ip34/home/def-ilafores/analysis/MethodsComparison/AD_Skin/preproc/SRR20002482/SRR20002482_paired_2.fastq	/nfs3_ib/nfs-ip34/home/def-ilafores/analysis/MethodsComparison/AD_Skin/preproc/SRR20002482/SRR20002482_unmatched_1.fastq	/nfs3_ib/nfs-ip34/home/def-ilafores/analysis/MethodsComparison/AD_Skin/preproc/SRR20002482/SRR20002482_unmatched_2.fastq
SRR20002401	/nfs3_ib/nfs-ip34/home/def-ilafores/analysis/MethodsComparison/AD_Skin/preproc/SRR20002401/SRR20002401_paired_1.fastq	/nfs3_ib/nfs-ip34/home/def-ilafores/analysis/MethodsComparison/AD_Skin/preproc/SRR20002401/SRR20002401_paired_2.fastq	/nfs3_ib/nfs-ip34/home/def-ilafores/analysis/MethodsComparison/AD_Skin/preproc/SRR20002401/SRR20002401_unmatched_1.fastq	/nfs3_ib/nfs-ip34/home/def-ilafores/analysis/MethodsComparison/AD_Skin/preproc/SRR20002401/SRR20002401_unmatched_2.fastq
SRR20002472	/nfs3_ib/nfs-ip34/home/def-ilafores/analysis/MethodsComparison/AD_Skin/preproc/SRR20002472/SRR20002472_paired_1.fastq	/nfs3_ib/nfs-ip34/home/def-ilafores/analysis/MethodsComparison/AD_Skin/preproc/SRR20002472/SRR20002472_paired_2.fastq	/nfs3_ib/nfs-ip34/home/def-ilafores/analysis/MethodsComparison/AD_Skin/preproc/SRR20002472/SRR20002472_unmatched_1.fastq	/nfs3_ib/nfs-ip34/home/def-ilafores/analysis/MethodsComparison/AD_Skin/preproc/SRR20002472/SRR20002472_unmatched_2.fastq
SRR20002417	/nfs3_ib/nfs-ip34/home/def-ilafores/analysis/MethodsComparison/AD_Skin/preproc/SRR20002417/SRR20002417_paired_1.fastq	/nfs3_ib/nfs-ip34/home/def-ilafores/analysis/MethodsComparison/AD_Skin/preproc/SRR20002417/SRR20002417_paired_2.fastq	/nfs3_ib/nfs-ip34/home/def-ilafores/analysis/MethodsComparison/AD_Skin/preproc/SRR20002417/SRR20002417_unmatched_1.fastq	/nfs3_ib/nfs-ip34/home/def-ilafores/analysis/MethodsComparison/AD_Skin/preproc/SRR20002417/SRR20002417_unmatched_2.fastq
SRR20002464	/nfs3_ib/nfs-ip34/home/def-ilafores/analysis/MethodsComparison/AD_Skin/preproc/SRR20002464/SRR20002464_paired_1.fastq	/nfs3_ib/nfs-ip34/home/def-ilafores/analysis/MethodsComparison/AD_Skin/preproc/SRR20002464/SRR20002464_paired_2.fastq	/nfs3_ib/nfs-ip34/home/def-ilafores/analysis/MethodsComparison/AD_Skin/preproc/SRR20002464/SRR20002464_unmatched_1.fastq	/nfs3_ib/nfs-ip34/home/def-ilafores/analysis/MethodsComparison/AD_Skin/preproc/SRR20002464/SRR20002464_unmatched_2.fastq
SRR20002398	/nfs3_ib/nfs-ip34/home/def-ilafores/analysis/MethodsComparison/AD_Skin/preproc/SRR20002398/SRR20002398_paired_1.fastq	/nfs3_ib/nfs-ip34/home/def-ilafores/analysis/MethodsComparison/AD_Skin/preproc/SRR20002398/SRR20002398_paired_2.fastq	/nfs3_ib/nfs-ip34/home/def-ilafores/analysis/MethodsComparison/AD_Skin/preproc/SRR20002398/SRR20002398_unmatched_1.fastq	/nfs3_ib/nfs-ip34/home/def-ilafores/analysis/MethodsComparison/AD_Skin/preproc/SRR20002398/SRR20002398_unmatched_2.fastq
SRR20002368	/nfs3_ib/nfs-ip34/home/def-ilafores/analysis/MethodsComparison/AD_Skin/preproc/SRR20002368/SRR20002368_paired_1.fastq	/nfs3_ib/nfs-ip34/home/def-ilafores/analysis/MethodsComparison/AD_Skin/preproc/SRR20002368/SRR20002368_paired_2.fastq	/nfs3_ib/nfs-ip34/home/def-ilafores/analysis/MethodsComparison/AD_Skin/preproc/SRR20002368/SRR20002368_unmatched_1.fastq	/nfs3_ib/nfs-ip34/home/def-ilafores/analysis/MethodsComparison/AD_Skin/preproc/SRR20002368/SRR20002368_unmatched_2.fastq
SRR20002352	/nfs3_ib/nfs-ip34/home/def-ilafores/analysis/MethodsComparison/AD_Skin/preproc/SRR20002352/SRR20002352_paired_1.fastq	/nfs3_ib/nfs-ip34/home/def-ilafores/analysis/MethodsComparison/AD_Skin/preproc/SRR20002352/SRR20002352_paired_2.fastq	/nfs3_ib/nfs-ip34/home/def-ilafores/analysis/MethodsComparison/AD_Skin/preproc/SRR20002352/SRR20002352_unmatched_1.fastq	/nfs3_ib/nfs-ip34/home/def-ilafores/analysis/MethodsComparison/AD_Skin/preproc/SRR20002352/SRR20002352_unmatched_2.fastq
SRR20002344	/nfs3_ib/nfs-ip34/home/def-ilafores/analysis/MethodsComparison/AD_Skin/preproc/SRR20002344/SRR20002344_paired_1.fastq	/nfs3_ib/nfs-ip34/home/def-ilafores/analysis/MethodsComparison/AD_Skin/preproc/SRR20002344/SRR20002344_paired_2.fastq	/nfs3_ib/nfs-ip34/home/def-ilafores/analysis/MethodsComparison/AD_Skin/preproc/SRR20002344/SRR20002344_unmatched_1.fastq	/nfs3_ib/nfs-ip34/home/def-ilafores/analysis/MethodsComparison/AD_Skin/preproc/SRR20002344/SRR20002344_unmatched_2.fastq
SRR20002359	/nfs3_ib/nfs-ip34/home/def-ilafores/analysis/MethodsComparison/AD_Skin/preproc/SRR20002359/SRR20002359_paired_1.fastq	/nfs3_ib/nfs-ip34/home/def-ilafores/analysis/MethodsComparison/AD_Skin/preproc/SRR20002359/SRR20002359_paired_2.fastq	/nfs3_ib/nfs-ip34/home/def-ilafores/analysis/MethodsComparison/AD_Skin/preproc/SRR20002359/SRR20002359_unmatched_1.fastq	/nfs3_ib/nfs-ip34/home/def-ilafores/analysis/MethodsComparison/AD_Skin/preproc/SRR20002359/SRR20002359_unmatched_2.fastq
SRR20002393	/nfs3_ib/nfs-ip34/home/def-ilafores/analysis/MethodsComparison/AD_Skin/preproc/SRR20002393/SRR20002393_paired_1.fastq	/nfs3_ib/nfs-ip34/home/def-ilafores/analysis/MethodsComparison/AD_Skin/preproc/SRR20002393/SRR20002393_paired_2.fastq	/nfs3_ib/nfs-ip34/home/def-ilafores/analysis/MethodsComparison/AD_Skin/preproc/SRR20002393/SRR20002393_unmatched_1.fastq	/nfs3_ib/nfs-ip34/home/def-ilafores/analysis/MethodsComparison/AD_Skin/preproc/SRR20002393/SRR20002393_unmatched_2.fastq
SRR20002363	/nfs3_ib/nfs-ip34/home/def-ilafores/analysis/MethodsComparison/AD_Skin/preproc/SRR20002363/SRR20002363_paired_1.fastq	/nfs3_ib/nfs-ip34/home/def-ilafores/analysis/MethodsComparison/AD_Skin/preproc/SRR20002363/SRR20002363_paired_2.fastq	/nfs3_ib/nfs-ip34/home/def-ilafores/analysis/MethodsComparison/AD_Skin/preproc/SRR20002363/SRR20002363_unmatched_1.fastq	/nfs3_ib/nfs-ip34/home/def-ilafores/analysis/MethodsComparison/AD_Skin/preproc/SRR20002363/SRR20002363_unmatched_2.fastq
SRR20002385	/nfs3_ib/nfs-ip34/home/def-ilafores/analysis/MethodsComparison/AD_Skin/preproc/SRR20002385/SRR20002385_paired_1.fastq	/nfs3_ib/nfs-ip34/home/def-ilafores/analysis/MethodsComparison/AD_Skin/preproc/SRR20002385/SRR20002385_paired_2.fastq	/nfs3_ib/nfs-ip34/home/def-ilafores/analysis/MethodsComparison/AD_Skin/preproc/SRR20002385/SRR20002385_unmatched_1.fastq	/nfs3_ib/nfs-ip34/home/def-ilafores/analysis/MethodsComparison/AD_Skin/preproc/SRR20002385/SRR20002385_unmatched_2.fastq
SRR20002375	/nfs3_ib/nfs-ip34/home/def-ilafores/analysis/MethodsComparison/AD_Skin/preproc/SRR20002375/SRR20002375_paired_1.fastq	/nfs3_ib/nfs-ip34/home/def-ilafores/analysis/MethodsComparison/AD_Skin/preproc/SRR20002375/SRR20002375_paired_2.fastq	/nfs3_ib/nfs-ip34/home/def-ilafores/analysis/MethodsComparison/AD_Skin/preproc/SRR20002375/SRR20002375_unmatched_1.fastq	/nfs3_ib/nfs-ip34/home/def-ilafores/analysis/MethodsComparison/AD_Skin/preproc/SRR20002375/SRR20002375_unmatched_2.fastq
SRR20002479	/nfs3_ib/nfs-ip34/home/def-ilafores/analysis/MethodsComparison/AD_Skin/preproc/SRR20002479/SRR20002479_paired_1.fastq	/nfs3_ib/nfs-ip34/home/def-ilafores/analysis/MethodsComparison/AD_Skin/preproc/SRR20002479/SRR20002479_paired_2.fastq	/nfs3_ib/nfs-ip34/home/def-ilafores/analysis/MethodsComparison/AD_Skin/preproc/SRR20002479/SRR20002479_unmatched_1.fastq	/nfs3_ib/nfs-ip34/home/def-ilafores/analysis/MethodsComparison/AD_Skin/preproc/SRR20002479/SRR20002479_unmatched_2.fastq
SRR20002430	/nfs3_ib/nfs-ip34/home/def-ilafores/analysis/MethodsComparison/AD_Skin/preproc/SRR20002430/SRR20002430_paired_1.fastq	/nfs3_ib/nfs-ip34/home/def-ilafores/analysis/MethodsComparison/AD_Skin/preproc/SRR20002430/SRR20002430_paired_2.fastq	/nfs3_ib/nfs-ip34/home/def-ilafores/analysis/MethodsComparison/AD_Skin/preproc/SRR20002430/SRR20002430_unmatched_1.fastq	/nfs3_ib/nfs-ip34/home/def-ilafores/analysis/MethodsComparison/AD_Skin/preproc/SRR20002430/SRR20002430_unmatched_2.fastq
SRR20002443	/nfs3_ib/nfs-ip34/home/def-ilafores/analysis/MethodsComparison/AD_Skin/preproc/SRR20002443/SRR20002443_paired_1.fastq	/nfs3_ib/nfs-ip34/home/def-ilafores/analysis/MethodsComparison/AD_Skin/preproc/SRR20002443/SRR20002443_paired_2.fastq	/nfs3_ib/nfs-ip34/home/def-ilafores/analysis/MethodsComparison/AD_Skin/preproc/SRR20002443/SRR20002443_unmatched_1.fastq	/nfs3_ib/nfs-ip34/home/def-ilafores/analysis/MethodsComparison/AD_Skin/preproc/SRR20002443/SRR20002443_unmatched_2.fastq
SRR20002426	/nfs3_ib/nfs-ip34/home/def-ilafores/analysis/MethodsComparison/AD_Skin/preproc/SRR20002426/SRR20002426_paired_1.fastq	/nfs3_ib/nfs-ip34/home/def-ilafores/analysis/MethodsComparison/AD_Skin/preproc/SRR20002426/SRR20002426_paired_2.fastq	/nfs3_ib/nfs-ip34/home/def-ilafores/analysis/MethodsComparison/AD_Skin/preproc/SRR20002426/SRR20002426_unmatched_1.fastq	/nfs3_ib/nfs-ip34/home/def-ilafores/analysis/MethodsComparison/AD_Skin/preproc/SRR20002426/SRR20002426_unmatched_2.fastq
SRR20002455	/nfs3_ib/nfs-ip34/home/def-ilafores/analysis/MethodsComparison/AD_Skin/preproc/SRR20002455/SRR20002455_paired_1.fastq	/nfs3_ib/nfs-ip34/home/def-ilafores/analysis/MethodsComparison/AD_Skin/preproc/SRR20002455/SRR20002455_paired_2.fastq	/nfs3_ib/nfs-ip34/home/def-ilafores/analysis/MethodsComparison/AD_Skin/preproc/SRR20002455/SRR20002455_unmatched_1.fastq	/nfs3_ib/nfs-ip34/home/def-ilafores/analysis/MethodsComparison/AD_Skin/preproc/SRR20002455/SRR20002455_unmatched_2.fastq
SRR20002348	/nfs3_ib/nfs-ip34/home/def-ilafores/analysis/MethodsComparison/AD_Skin/preproc/SRR20002348/SRR20002348_paired_1.fastq	/nfs3_ib/nfs-ip34/home/def-ilafores/analysis/MethodsComparison/AD_Skin/preproc/SRR20002348/SRR20002348_paired_2.fastq	/nfs3_ib/nfs-ip34/home/def-ilafores/analysis/MethodsComparison/AD_Skin/preproc/SRR20002348/SRR20002348_unmatched_1.fastq	/nfs3_ib/nfs-ip34/home/def-ilafores/analysis/MethodsComparison/AD_Skin/preproc/SRR20002348/SRR20002348_unmatched_2.fastq
SRR20002372	/nfs3_ib/nfs-ip34/home/def-ilafores/analysis/MethodsComparison/AD_Skin/preproc/SRR20002372/SRR20002372_paired_1.fastq	/nfs3_ib/nfs-ip34/home/def-ilafores/analysis/MethodsComparison/AD_Skin/preproc/SRR20002372/SRR20002372_paired_2.fastq	/nfs3_ib/nfs-ip34/home/def-ilafores/analysis/MethodsComparison/AD_Skin/preproc/SRR20002372/SRR20002372_unmatched_1.fastq	/nfs3_ib/nfs-ip34/home/def-ilafores/analysis/MethodsComparison/AD_Skin/preproc/SRR20002372/SRR20002372_unmatched_2.fastq
SRR20002382	/nfs3_ib/nfs-ip34/home/def-ilafores/analysis/MethodsComparison/AD_Skin/preproc/SRR20002382/SRR20002382_paired_1.fastq	/nfs3_ib/nfs-ip34/home/def-ilafores/analysis/MethodsComparison/AD_Skin/preproc/SRR20002382/SRR20002382_paired_2.fastq	/nfs3_ib/nfs-ip34/home/def-ilafores/analysis/MethodsComparison/AD_Skin/preproc/SRR20002382/SRR20002382_unmatched_1.fastq	/nfs3_ib/nfs-ip34/home/def-ilafores/analysis/MethodsComparison/AD_Skin/preproc/SRR20002382/SRR20002382_unmatched_2.fastq
SRR20002364	/nfs3_ib/nfs-ip34/home/def-ilafores/analysis/MethodsComparison/AD_Skin/preproc/SRR20002364/SRR20002364_paired_1.fastq	/nfs3_ib/nfs-ip34/home/def-ilafores/analysis/MethodsComparison/AD_Skin/preproc/SRR20002364/SRR20002364_paired_2.fastq	/nfs3_ib/nfs-ip34/home/def-ilafores/analysis/MethodsComparison/AD_Skin/preproc/SRR20002364/SRR20002364_unmatched_1.fastq	/nfs3_ib/nfs-ip34/home/def-ilafores/analysis/MethodsComparison/AD_Skin/preproc/SRR20002364/SRR20002364_unmatched_2.fastq
SRR20002394	/nfs3_ib/nfs-ip34/home/def-ilafores/analysis/MethodsComparison/AD_Skin/preproc/SRR20002394/SRR20002394_paired_1.fastq	/nfs3_ib/nfs-ip34/home/def-ilafores/analysis/MethodsComparison/AD_Skin/preproc/SRR20002394/SRR20002394_paired_2.fastq	/nfs3_ib/nfs-ip34/home/def-ilafores/analysis/MethodsComparison/AD_Skin/preproc/SRR20002394/SRR20002394_unmatched_1.fastq	/nfs3_ib/nfs-ip34/home/def-ilafores/analysis/MethodsComparison/AD_Skin/preproc/SRR20002394/SRR20002394_unmatched_2.fastq
SRR20002468	/nfs3_ib/nfs-ip34/home/def-ilafores/analysis/MethodsComparison/AD_Skin/preproc/SRR20002468/SRR20002468_paired_1.fastq	/nfs3_ib/nfs-ip34/home/def-ilafores/analysis/MethodsComparison/AD_Skin/preproc/SRR20002468/SRR20002468_paired_2.fastq	/nfs3_ib/nfs-ip34/home/def-ilafores/analysis/MethodsComparison/AD_Skin/preproc/SRR20002468/SRR20002468_unmatched_1.fastq	/nfs3_ib/nfs-ip34/home/def-ilafores/analysis/MethodsComparison/AD_Skin/preproc/SRR20002468/SRR20002468_unmatched_2.fastq
SRR20002452	/nfs3_ib/nfs-ip34/home/def-ilafores/analysis/MethodsComparison/AD_Skin/preproc/SRR20002452/SRR20002452_paired_1.fastq	/nfs3_ib/nfs-ip34/home/def-ilafores/analysis/MethodsComparison/AD_Skin/preproc/SRR20002452/SRR20002452_paired_2.fastq	/nfs3_ib/nfs-ip34/home/def-ilafores/analysis/MethodsComparison/AD_Skin/preproc/SRR20002452/SRR20002452_unmatched_1.fastq	/nfs3_ib/nfs-ip34/home/def-ilafores/analysis/MethodsComparison/AD_Skin/preproc/SRR20002452/SRR20002452_unmatched_2.fastq
SRR20002421	/nfs3_ib/nfs-ip34/home/def-ilafores/analysis/MethodsComparison/AD_Skin/preproc/SRR20002421/SRR20002421_paired_1.fastq	/nfs3_ib/nfs-ip34/home/def-ilafores/analysis/MethodsComparison/AD_Skin/preproc/SRR20002421/SRR20002421_paired_2.fastq	/nfs3_ib/nfs-ip34/home/def-ilafores/analysis/MethodsComparison/AD_Skin/preproc/SRR20002421/SRR20002421_unmatched_1.fastq	/nfs3_ib/nfs-ip34/home/def-ilafores/analysis/MethodsComparison/AD_Skin/preproc/SRR20002421/SRR20002421_unmatched_2.fastq
SRR20002444	/nfs3_ib/nfs-ip34/home/def-ilafores/analysis/MethodsComparison/AD_Skin/preproc/SRR20002444/SRR20002444_paired_1.fastq	/nfs3_ib/nfs-ip34/home/def-ilafores/analysis/MethodsComparison/AD_Skin/preproc/SRR20002444/SRR20002444_paired_2.fastq	/nfs3_ib/nfs-ip34/home/def-ilafores/analysis/MethodsComparison/AD_Skin/preproc/SRR20002444/SRR20002444_unmatched_1.fastq	/nfs3_ib/nfs-ip34/home/def-ilafores/analysis/MethodsComparison/AD_Skin/preproc/SRR20002444/SRR20002444_unmatched_2.fastq
SRR20002437	/nfs3_ib/nfs-ip34/home/def-ilafores/analysis/MethodsComparison/AD_Skin/preproc/SRR20002437/SRR20002437_paired_1.fastq	/nfs3_ib/nfs-ip34/home/def-ilafores/analysis/MethodsComparison/AD_Skin/preproc/SRR20002437/SRR20002437_paired_2.fastq	/nfs3_ib/nfs-ip34/home/def-ilafores/analysis/MethodsComparison/AD_Skin/preproc/SRR20002437/SRR20002437_unmatched_1.fastq	/nfs3_ib/nfs-ip34/home/def-ilafores/analysis/MethodsComparison/AD_Skin/preproc/SRR20002437/SRR20002437_unmatched_2.fastq
SRR20002459	/nfs3_ib/nfs-ip34/home/def-ilafores/analysis/MethodsComparison/AD_Skin/preproc/SRR20002459/SRR20002459_paired_1.fastq	/nfs3_ib/nfs-ip34/home/def-ilafores/analysis/MethodsComparison/AD_Skin/preproc/SRR20002459/SRR20002459_paired_2.fastq	/nfs3_ib/nfs-ip34/home/def-ilafores/analysis/MethodsComparison/AD_Skin/preproc/SRR20002459/SRR20002459_unmatched_1.fastq	/nfs3_ib/nfs-ip34/home/def-ilafores/analysis/MethodsComparison/AD_Skin/preproc/SRR20002459/SRR20002459_unmatched_2.fastq
SRR20002463	/nfs3_ib/nfs-ip34/home/def-ilafores/analysis/MethodsComparison/AD_Skin/preproc/SRR20002463/SRR20002463_paired_1.fastq	/nfs3_ib/nfs-ip34/home/def-ilafores/analysis/MethodsComparison/AD_Skin/preproc/SRR20002463/SRR20002463_paired_2.fastq	/nfs3_ib/nfs-ip34/home/def-ilafores/analysis/MethodsComparison/AD_Skin/preproc/SRR20002463/SRR20002463_unmatched_1.fastq	/nfs3_ib/nfs-ip34/home/def-ilafores/analysis/MethodsComparison/AD_Skin/preproc/SRR20002463/SRR20002463_unmatched_2.fastq
SRR20002410	/nfs3_ib/nfs-ip34/home/def-ilafores/analysis/MethodsComparison/AD_Skin/preproc/SRR20002410/SRR20002410_paired_1.fastq	/nfs3_ib/nfs-ip34/home/def-ilafores/analysis/MethodsComparison/AD_Skin/preproc/SRR20002410/SRR20002410_paired_2.fastq	/nfs3_ib/nfs-ip34/home/def-ilafores/analysis/MethodsComparison/AD_Skin/preproc/SRR20002410/SRR20002410_unmatched_1.fastq	/nfs3_ib/nfs-ip34/home/def-ilafores/analysis/MethodsComparison/AD_Skin/preproc/SRR20002410/SRR20002410_unmatched_2.fastq
SRR20002475	/nfs3_ib/nfs-ip34/home/def-ilafores/analysis/MethodsComparison/AD_Skin/preproc/SRR20002475/SRR20002475_paired_1.fastq	/nfs3_ib/nfs-ip34/home/def-ilafores/analysis/MethodsComparison/AD_Skin/preproc/SRR20002475/SRR20002475_paired_2.fastq	/nfs3_ib/nfs-ip34/home/def-ilafores/analysis/MethodsComparison/AD_Skin/preproc/SRR20002475/SRR20002475_unmatched_1.fastq	/nfs3_ib/nfs-ip34/home/def-ilafores/analysis/MethodsComparison/AD_Skin/preproc/SRR20002475/SRR20002475_unmatched_2.fastq
SRR20002406	/nfs3_ib/nfs-ip34/home/def-ilafores/analysis/MethodsComparison/AD_Skin/preproc/SRR20002406/SRR20002406_paired_1.fastq	/nfs3_ib/nfs-ip34/home/def-ilafores/analysis/MethodsComparison/AD_Skin/preproc/SRR20002406/SRR20002406_paired_2.fastq	/nfs3_ib/nfs-ip34/home/def-ilafores/analysis/MethodsComparison/AD_Skin/preproc/SRR20002406/SRR20002406_unmatched_1.fastq	/nfs3_ib/nfs-ip34/home/def-ilafores/analysis/MethodsComparison/AD_Skin/preproc/SRR20002406/SRR20002406_unmatched_2.fastq
SRR20002485	/nfs3_ib/nfs-ip34/home/def-ilafores/analysis/MethodsComparison/AD_Skin/preproc/SRR20002485/SRR20002485_paired_1.fastq	/nfs3_ib/nfs-ip34/home/def-ilafores/analysis/MethodsComparison/AD_Skin/preproc/SRR20002485/SRR20002485_paired_2.fastq	/nfs3_ib/nfs-ip34/home/def-ilafores/analysis/MethodsComparison/AD_Skin/preproc/SRR20002485/SRR20002485_unmatched_1.fastq	/nfs3_ib/nfs-ip34/home/def-ilafores/analysis/MethodsComparison/AD_Skin/preproc/SRR20002485/SRR20002485_unmatched_2.fastq
SRR20002379	/nfs3_ib/nfs-ip34/home/def-ilafores/analysis/MethodsComparison/AD_Skin/preproc/SRR20002379/SRR20002379_paired_1.fastq	/nfs3_ib/nfs-ip34/home/def-ilafores/analysis/MethodsComparison/AD_Skin/preproc/SRR20002379/SRR20002379_paired_2.fastq	/nfs3_ib/nfs-ip34/home/def-ilafores/analysis/MethodsComparison/AD_Skin/preproc/SRR20002379/SRR20002379_unmatched_1.fastq	/nfs3_ib/nfs-ip34/home/def-ilafores/analysis/MethodsComparison/AD_Skin/preproc/SRR20002379/SRR20002379_unmatched_2.fastq
SRR20002389	/nfs3_ib/nfs-ip34/home/def-ilafores/analysis/MethodsComparison/AD_Skin/preproc/SRR20002389/SRR20002389_paired_1.fastq	/nfs3_ib/nfs-ip34/home/def-ilafores/analysis/MethodsComparison/AD_Skin/preproc/SRR20002389/SRR20002389_paired_2.fastq	/nfs3_ib/nfs-ip34/home/def-ilafores/analysis/MethodsComparison/AD_Skin/preproc/SRR20002389/SRR20002389_unmatched_1.fastq	/nfs3_ib/nfs-ip34/home/def-ilafores/analysis/MethodsComparison/AD_Skin/preproc/SRR20002389/SRR20002389_unmatched_2.fastq
SRR20002343	/nfs3_ib/nfs-ip34/home/def-ilafores/analysis/MethodsComparison/AD_Skin/preproc/SRR20002343/SRR20002343_paired_1.fastq	/nfs3_ib/nfs-ip34/home/def-ilafores/analysis/MethodsComparison/AD_Skin/preproc/SRR20002343/SRR20002343_paired_2.fastq	/nfs3_ib/nfs-ip34/home/def-ilafores/analysis/MethodsComparison/AD_Skin/preproc/SRR20002343/SRR20002343_unmatched_1.fastq	/nfs3_ib/nfs-ip34/home/def-ilafores/analysis/MethodsComparison/AD_Skin/preproc/SRR20002343/SRR20002343_unmatched_2.fastq
SRR20002355	/nfs3_ib/nfs-ip34/home/def-ilafores/analysis/MethodsComparison/AD_Skin/preproc/SRR20002355/SRR20002355_paired_1.fastq	/nfs3_ib/nfs-ip34/home/def-ilafores/analysis/MethodsComparison/AD_Skin/preproc/SRR20002355/SRR20002355_paired_2.fastq	/nfs3_ib/nfs-ip34/home/def-ilafores/analysis/MethodsComparison/AD_Skin/preproc/SRR20002355/SRR20002355_unmatched_1.fastq	/nfs3_ib/nfs-ip34/home/def-ilafores/analysis/MethodsComparison/AD_Skin/preproc/SRR20002355/SRR20002355_unmatched_2.fastq
