run_accession	sample_accession	experiment_accession	study_accession	tax_id	scientific_name	fastq_ftp	submitted_ftp	sra_ftp	sample_alias	sample_title
SRR5091456	SAMN06112071	SRX2408395	PRJNA356102	408170	human gut metagenome	ftp.sra.ebi.ac.uk/vol1/fastq/SRR509/006/SRR5091456/SRR5091456_1.fastq.gz;ftp.sra.ebi.ac.uk/vol1/fastq/SRR509/006/SRR5091456/SRR5091456_2.fastq.gz		ftp.sra.ebi.ac.uk/vol1/srr/SRR509/006/SRR5091456	RA035	Metagenome
SRR5091459	SAMN06111950	SRX2408398	PRJNA356102	408170	human gut metagenome	ftp.sra.ebi.ac.uk/vol1/fastq/SRR509/009/SRR5091459/SRR5091459_1.fastq.gz;ftp.sra.ebi.ac.uk/vol1/fastq/SRR509/009/SRR5091459/SRR5091459_2.fastq.gz		ftp.sra.ebi.ac.uk/vol1/srr/SRR509/009/SRR5091459	N217	Metagenome
SRR5091468	SAMN06112012	SRX2408407	PRJNA356102	408170	human gut metagenome	ftp.sra.ebi.ac.uk/vol1/fastq/SRR509/008/SRR5091468/SRR5091468_1.fastq.gz;ftp.sra.ebi.ac.uk/vol1/fastq/SRR509/008/SRR5091468/SRR5091468_2.fastq.gz		ftp.sra.ebi.ac.uk/vol1/srr/SRR509/008/SRR5091468	RA069	Metagenome
SRR5091479	SAMN06111983	SRX2408418	PRJNA356102	408170	human gut metagenome	ftp.sra.ebi.ac.uk/vol1/fastq/SRR509/009/SRR5091479/SRR5091479_1.fastq.gz;ftp.sra.ebi.ac.uk/vol1/fastq/SRR509/009/SRR5091479/SRR5091479_2.fastq.gz		ftp.sra.ebi.ac.uk/vol1/srr/SRR509/009/SRR5091479	RA008	Metagenome
SRR5091483	SAMN06111976	SRX2408422	PRJNA356102	408170	human gut metagenome	ftp.sra.ebi.ac.uk/vol1/fastq/SRR509/003/SRR5091483/SRR5091483_1.fastq.gz;ftp.sra.ebi.ac.uk/vol1/fastq/SRR509/003/SRR5091483/SRR5091483_2.fastq.gz		ftp.sra.ebi.ac.uk/vol1/srr/SRR509/003/SRR5091483	N316	Metagenome
SRR5091484	SAMN06111991	SRX2408423	PRJNA356102	408170	human gut metagenome	ftp.sra.ebi.ac.uk/vol1/fastq/SRR509/004/SRR5091484/SRR5091484_1.fastq.gz;ftp.sra.ebi.ac.uk/vol1/fastq/SRR509/004/SRR5091484/SRR5091484_2.fastq.gz		ftp.sra.ebi.ac.uk/vol1/srr/SRR509/004/SRR5091484	RA023	Metagenome
SRR5091485	SAMN06112054	SRX2408424	PRJNA356102	408170	human gut metagenome	ftp.sra.ebi.ac.uk/vol1/fastq/SRR509/005/SRR5091485/SRR5091485_1.fastq.gz;ftp.sra.ebi.ac.uk/vol1/fastq/SRR509/005/SRR5091485/SRR5091485_2.fastq.gz		ftp.sra.ebi.ac.uk/vol1/srr/SRR509/005/SRR5091485	N252	Metagenome
SRR5091488	SAMN06112058	SRX2408427	PRJNA356102	408170	human gut metagenome	ftp.sra.ebi.ac.uk/vol1/fastq/SRR509/008/SRR5091488/SRR5091488_1.fastq.gz;ftp.sra.ebi.ac.uk/vol1/fastq/SRR509/008/SRR5091488/SRR5091488_2.fastq.gz		ftp.sra.ebi.ac.uk/vol1/srr/SRR509/008/SRR5091488	N285	Metagenome
SRR5091492	SAMN06112003	SRX2408431	PRJNA356102	408170	human gut metagenome	ftp.sra.ebi.ac.uk/vol1/fastq/SRR509/002/SRR5091492/SRR5091492_1.fastq.gz;ftp.sra.ebi.ac.uk/vol1/fastq/SRR509/002/SRR5091492/SRR5091492_2.fastq.gz		ftp.sra.ebi.ac.uk/vol1/srr/SRR509/002/SRR5091492	RA052	Metagenome
SRR5091494	SAMN06111970	SRX2408433	PRJNA356102	408170	human gut metagenome	ftp.sra.ebi.ac.uk/vol1/fastq/SRR509/004/SRR5091494/SRR5091494_1.fastq.gz;ftp.sra.ebi.ac.uk/vol1/fastq/SRR509/004/SRR5091494/SRR5091494_2.fastq.gz		ftp.sra.ebi.ac.uk/vol1/srr/SRR509/004/SRR5091494	N295	Metagenome
SRR5091495	SAMN06112009	SRX2408434	PRJNA356102	408170	human gut metagenome	ftp.sra.ebi.ac.uk/vol1/fastq/SRR509/005/SRR5091495/SRR5091495_1.fastq.gz;ftp.sra.ebi.ac.uk/vol1/fastq/SRR509/005/SRR5091495/SRR5091495_2.fastq.gz		ftp.sra.ebi.ac.uk/vol1/srr/SRR509/005/SRR5091495	RA065	Metagenome
SRR5091496	SAMN06112078	SRX2408435	PRJNA356102	408170	human gut metagenome	ftp.sra.ebi.ac.uk/vol1/fastq/SRR509/006/SRR5091496/SRR5091496_1.fastq.gz;ftp.sra.ebi.ac.uk/vol1/fastq/SRR509/006/SRR5091496/SRR5091496_2.fastq.gz		ftp.sra.ebi.ac.uk/vol1/srr/SRR509/006/SRR5091496	RA074	Metagenome
SRR5091500	SAMN06111936	SRX2408439	PRJNA356102	408170	human gut metagenome	ftp.sra.ebi.ac.uk/vol1/fastq/SRR509/000/SRR5091500/SRR5091500_1.fastq.gz;ftp.sra.ebi.ac.uk/vol1/fastq/SRR509/000/SRR5091500/SRR5091500_2.fastq.gz		ftp.sra.ebi.ac.uk/vol1/srr/SRR509/000/SRR5091500	N023	Metagenome
SRR5091503	SAMN06112017	SRX2408442	PRJNA356102	408170	human gut metagenome	ftp.sra.ebi.ac.uk/vol1/fastq/SRR509/003/SRR5091503/SRR5091503_1.fastq.gz;ftp.sra.ebi.ac.uk/vol1/fastq/SRR509/003/SRR5091503/SRR5091503_2.fastq.gz		ftp.sra.ebi.ac.uk/vol1/srr/SRR509/003/SRR5091503	RA077	Metagenome
SRR5091506	SAMN06112029	SRX2408445	PRJNA356102	408170	human gut metagenome	ftp.sra.ebi.ac.uk/vol1/fastq/SRR509/006/SRR5091506/SRR5091506_1.fastq.gz;ftp.sra.ebi.ac.uk/vol1/fastq/SRR509/006/SRR5091506/SRR5091506_2.fastq.gz		ftp.sra.ebi.ac.uk/vol1/srr/SRR509/006/SRR5091506	RA102	Metagenome
SRR5091508	SAMN06111987	SRX2408447	PRJNA356102	408170	human gut metagenome	ftp.sra.ebi.ac.uk/vol1/fastq/SRR509/008/SRR5091508/SRR5091508_1.fastq.gz;ftp.sra.ebi.ac.uk/vol1/fastq/SRR509/008/SRR5091508/SRR5091508_2.fastq.gz		ftp.sra.ebi.ac.uk/vol1/srr/SRR509/008/SRR5091508	RA017	Metagenome
SRR5091509	SAMN06112013	SRX2408448	PRJNA356102	408170	human gut metagenome	ftp.sra.ebi.ac.uk/vol1/fastq/SRR509/009/SRR5091509/SRR5091509_1.fastq.gz;ftp.sra.ebi.ac.uk/vol1/fastq/SRR509/009/SRR5091509/SRR5091509_2.fastq.gz		ftp.sra.ebi.ac.uk/vol1/srr/SRR509/009/SRR5091509	RA070	Metagenome
SRR5091516	SAMN06111940	SRX2408455	PRJNA356102	408170	human gut metagenome	ftp.sra.ebi.ac.uk/vol1/fastq/SRR509/006/SRR5091516/SRR5091516_1.fastq.gz;ftp.sra.ebi.ac.uk/vol1/fastq/SRR509/006/SRR5091516/SRR5091516_2.fastq.gz		ftp.sra.ebi.ac.uk/vol1/srr/SRR509/006/SRR5091516	N027	Metagenome
SRR5091522	SAMN06111996	SRX2408461	PRJNA356102	408170	human gut metagenome	ftp.sra.ebi.ac.uk/vol1/fastq/SRR509/002/SRR5091522/SRR5091522_1.fastq.gz;ftp.sra.ebi.ac.uk/vol1/fastq/SRR509/002/SRR5091522/SRR5091522_2.fastq.gz		ftp.sra.ebi.ac.uk/vol1/srr/SRR509/002/SRR5091522	RA031	Metagenome
SRR5091524	SAMN06112010	SRX2408463	PRJNA356102	408170	human gut metagenome	ftp.sra.ebi.ac.uk/vol1/fastq/SRR509/004/SRR5091524/SRR5091524_1.fastq.gz;ftp.sra.ebi.ac.uk/vol1/fastq/SRR509/004/SRR5091524/SRR5091524_2.fastq.gz		ftp.sra.ebi.ac.uk/vol1/srr/SRR509/004/SRR5091524	RA067	Metagenome
SRR5091526	SAMN06112079	SRX2408465	PRJNA356102	408170	human gut metagenome	ftp.sra.ebi.ac.uk/vol1/fastq/SRR509/006/SRR5091526/SRR5091526_1.fastq.gz;ftp.sra.ebi.ac.uk/vol1/fastq/SRR509/006/SRR5091526/SRR5091526_2.fastq.gz		ftp.sra.ebi.ac.uk/vol1/srr/SRR509/006/SRR5091526	RA082	Metagenome
SRR5091542	SAMN06111937	SRX2408481	PRJNA356102	408170	human gut metagenome	ftp.sra.ebi.ac.uk/vol1/fastq/SRR509/002/SRR5091542/SRR5091542_1.fastq.gz;ftp.sra.ebi.ac.uk/vol1/fastq/SRR509/002/SRR5091542/SRR5091542_2.fastq.gz		ftp.sra.ebi.ac.uk/vol1/srr/SRR509/002/SRR5091542	N024	Metagenome
SRR5091546	SAMN06112053	SRX2408485	PRJNA356102	408170	human gut metagenome	ftp.sra.ebi.ac.uk/vol1/fastq/SRR509/006/SRR5091546/SRR5091546_1.fastq.gz;ftp.sra.ebi.ac.uk/vol1/fastq/SRR509/006/SRR5091546/SRR5091546_2.fastq.gz		ftp.sra.ebi.ac.uk/vol1/srr/SRR509/006/SRR5091546	N243	Metagenome
SRR5091547	SAMN06112087	SRX2408486	PRJNA356102	408170	human gut metagenome	ftp.sra.ebi.ac.uk/vol1/fastq/SRR509/007/SRR5091547/SRR5091547_1.fastq.gz;ftp.sra.ebi.ac.uk/vol1/fastq/SRR509/007/SRR5091547/SRR5091547_2.fastq.gz		ftp.sra.ebi.ac.uk/vol1/srr/SRR509/007/SRR5091547	RA106	Metagenome
SRR5091549	SAMN06112008	SRX2408488	PRJNA356102	408170	human gut metagenome	ftp.sra.ebi.ac.uk/vol1/fastq/SRR509/009/SRR5091549/SRR5091549_1.fastq.gz;ftp.sra.ebi.ac.uk/vol1/fastq/SRR509/009/SRR5091549/SRR5091549_2.fastq.gz		ftp.sra.ebi.ac.uk/vol1/srr/SRR509/009/SRR5091549	RA060	Metagenome
SRR5091551	SAMN06112062	SRX2408490	PRJNA356102	408170	human gut metagenome	ftp.sra.ebi.ac.uk/vol1/fastq/SRR509/001/SRR5091551/SRR5091551_1.fastq.gz;ftp.sra.ebi.ac.uk/vol1/fastq/SRR509/001/SRR5091551/SRR5091551_2.fastq.gz		ftp.sra.ebi.ac.uk/vol1/srr/SRR509/001/SRR5091551	N319	Metagenome
SRR5091552	SAMN06112011	SRX2408491	PRJNA356102	408170	human gut metagenome	ftp.sra.ebi.ac.uk/vol1/fastq/SRR509/002/SRR5091552/SRR5091552_1.fastq.gz;ftp.sra.ebi.ac.uk/vol1/fastq/SRR509/002/SRR5091552/SRR5091552_2.fastq.gz		ftp.sra.ebi.ac.uk/vol1/srr/SRR509/002/SRR5091552	RA068	Metagenome
SRR5091553	SAMN06111960	SRX2408492	PRJNA356102	408170	human gut metagenome	ftp.sra.ebi.ac.uk/vol1/fastq/SRR509/003/SRR5091553/SRR5091553_1.fastq.gz;ftp.sra.ebi.ac.uk/vol1/fastq/SRR509/003/SRR5091553/SRR5091553_2.fastq.gz		ftp.sra.ebi.ac.uk/vol1/srr/SRR509/003/SRR5091553	N263	Metagenome
SRR5091554	SAMN06111966	SRX2408493	PRJNA356102	408170	human gut metagenome	ftp.sra.ebi.ac.uk/vol1/fastq/SRR509/004/SRR5091554/SRR5091554_1.fastq.gz;ftp.sra.ebi.ac.uk/vol1/fastq/SRR509/004/SRR5091554/SRR5091554_2.fastq.gz		ftp.sra.ebi.ac.uk/vol1/srr/SRR509/004/SRR5091554	N284	Metagenome
SRR5091559	SAMN06111931	SRX2408498	PRJNA356102	408170	human gut metagenome	ftp.sra.ebi.ac.uk/vol1/fastq/SRR509/009/SRR5091559/SRR5091559_1.fastq.gz;ftp.sra.ebi.ac.uk/vol1/fastq/SRR509/009/SRR5091559/SRR5091559_2.fastq.gz		ftp.sra.ebi.ac.uk/vol1/srr/SRR509/009/SRR5091559	N016	Metagenome
SRR5091560	SAMN06112059	SRX2408499	PRJNA356102	408170	human gut metagenome	ftp.sra.ebi.ac.uk/vol1/fastq/SRR509/000/SRR5091560/SRR5091560_1.fastq.gz;ftp.sra.ebi.ac.uk/vol1/fastq/SRR509/000/SRR5091560/SRR5091560_2.fastq.gz		ftp.sra.ebi.ac.uk/vol1/srr/SRR509/000/SRR5091560	N288	Metagenome
SRR5091566	SAMN06112002	SRX2408505	PRJNA356102	408170	human gut metagenome	ftp.sra.ebi.ac.uk/vol1/fastq/SRR509/006/SRR5091566/SRR5091566_1.fastq.gz;ftp.sra.ebi.ac.uk/vol1/fastq/SRR509/006/SRR5091566/SRR5091566_2.fastq.gz		ftp.sra.ebi.ac.uk/vol1/srr/SRR509/006/SRR5091566	RA049	Metagenome
SRR5091567	SAMN06112005	SRX2408506	PRJNA356102	408170	human gut metagenome	ftp.sra.ebi.ac.uk/vol1/fastq/SRR509/007/SRR5091567/SRR5091567_1.fastq.gz;ftp.sra.ebi.ac.uk/vol1/fastq/SRR509/007/SRR5091567/SRR5091567_2.fastq.gz		ftp.sra.ebi.ac.uk/vol1/srr/SRR509/007/SRR5091567	RA054	Metagenome
SRR5091572	SAMN06112063	SRX2408511	PRJNA356102	408170	human gut metagenome	ftp.sra.ebi.ac.uk/vol1/fastq/SRR509/002/SRR5091572/SRR5091572_1.fastq.gz;ftp.sra.ebi.ac.uk/vol1/fastq/SRR509/002/SRR5091572/SRR5091572_2.fastq.gz		ftp.sra.ebi.ac.uk/vol1/srr/SRR509/002/SRR5091572	RA003	Metagenome
SRR5091580	SAMN06112074	SRX2408519	PRJNA356102	408170	human gut metagenome	ftp.sra.ebi.ac.uk/vol1/fastq/SRR509/000/SRR5091580/SRR5091580_1.fastq.gz;ftp.sra.ebi.ac.uk/vol1/fastq/SRR509/000/SRR5091580/SRR5091580_2.fastq.gz		ftp.sra.ebi.ac.uk/vol1/srr/SRR509/000/SRR5091580	RA050	Metagenome
SRR5091585	SAMN06112001	SRX2408524	PRJNA356102	408170	human gut metagenome	ftp.sra.ebi.ac.uk/vol1/fastq/SRR509/005/SRR5091585/SRR5091585_1.fastq.gz;ftp.sra.ebi.ac.uk/vol1/fastq/SRR509/005/SRR5091585/SRR5091585_2.fastq.gz		ftp.sra.ebi.ac.uk/vol1/srr/SRR509/005/SRR5091585	RA048	Metagenome
SRR5091586	SAMN06112004	SRX2408525	PRJNA356102	408170	human gut metagenome	ftp.sra.ebi.ac.uk/vol1/fastq/SRR509/006/SRR5091586/SRR5091586_1.fastq.gz;ftp.sra.ebi.ac.uk/vol1/fastq/SRR509/006/SRR5091586/SRR5091586_2.fastq.gz		ftp.sra.ebi.ac.uk/vol1/srr/SRR509/006/SRR5091586	RA053	Metagenome
SRR5091589	SAMN06111988	SRX2408528	PRJNA356102	408170	human gut metagenome	ftp.sra.ebi.ac.uk/vol1/fastq/SRR509/009/SRR5091589/SRR5091589_1.fastq.gz;ftp.sra.ebi.ac.uk/vol1/fastq/SRR509/009/SRR5091589/SRR5091589_2.fastq.gz		ftp.sra.ebi.ac.uk/vol1/srr/SRR509/009/SRR5091589	RA018	Metagenome
SRR5091590	SAMN06112032	SRX2408529	PRJNA356102	408170	human gut metagenome	ftp.sra.ebi.ac.uk/vol1/fastq/SRR509/000/SRR5091590/SRR5091590_1.fastq.gz;ftp.sra.ebi.ac.uk/vol1/fastq/SRR509/000/SRR5091590/SRR5091590_2.fastq.gz		ftp.sra.ebi.ac.uk/vol1/srr/SRR509/000/SRR5091590	RA110	Metagenome
SRR5091593	SAMN06112022	SRX2408532	PRJNA356102	408170	human gut metagenome	ftp.sra.ebi.ac.uk/vol1/fastq/SRR509/003/SRR5091593/SRR5091593_1.fastq.gz;ftp.sra.ebi.ac.uk/vol1/fastq/SRR509/003/SRR5091593/SRR5091593_2.fastq.gz		ftp.sra.ebi.ac.uk/vol1/srr/SRR509/003/SRR5091593	RA094	Metagenome
SRR5091594	SAMN06112083	SRX2408533	PRJNA356102	408170	human gut metagenome	ftp.sra.ebi.ac.uk/vol1/fastq/SRR509/004/SRR5091594/SRR5091594_1.fastq.gz;ftp.sra.ebi.ac.uk/vol1/fastq/SRR509/004/SRR5091594/SRR5091594_2.fastq.gz		ftp.sra.ebi.ac.uk/vol1/srr/SRR509/004/SRR5091594	RA092	Metagenome
SRR5091596	SAMN06112048	SRX2408535	PRJNA356102	408170	human gut metagenome	ftp.sra.ebi.ac.uk/vol1/fastq/SRR509/006/SRR5091596/SRR5091596_1.fastq.gz;ftp.sra.ebi.ac.uk/vol1/fastq/SRR509/006/SRR5091596/SRR5091596_2.fastq.gz		ftp.sra.ebi.ac.uk/vol1/srr/SRR509/006/SRR5091596.lite	N035	Metagenome
SRR5091597	SAMN06112024	SRX2408536	PRJNA356102	408170	human gut metagenome	ftp.sra.ebi.ac.uk/vol1/fastq/SRR509/007/SRR5091597/SRR5091597_1.fastq.gz;ftp.sra.ebi.ac.uk/vol1/fastq/SRR509/007/SRR5091597/SRR5091597_2.fastq.gz		ftp.sra.ebi.ac.uk/vol1/srr/SRR509/007/SRR5091597	RA096	Metagenome
SRR5091598	SAMN06112095	SRX2408537	PRJNA356102	408170	human gut metagenome	ftp.sra.ebi.ac.uk/vol1/fastq/SRR509/008/SRR5091598/SRR5091598_1.fastq.gz;ftp.sra.ebi.ac.uk/vol1/fastq/SRR509/008/SRR5091598/SRR5091598_2.fastq.gz		ftp.sra.ebi.ac.uk/vol1/srr/SRR509/008/SRR5091598	RA136	Metagenome
SRR5091604	SAMN06112082	SRX2408543	PRJNA356102	408170	human gut metagenome	ftp.sra.ebi.ac.uk/vol1/fastq/SRR509/004/SRR5091604/SRR5091604_1.fastq.gz;ftp.sra.ebi.ac.uk/vol1/fastq/SRR509/004/SRR5091604/SRR5091604_2.fastq.gz		ftp.sra.ebi.ac.uk/vol1/srr/SRR509/004/SRR5091604	RA090	Metagenome
SRR5091606	SAMN06111980	SRX2408545	PRJNA356102	408170	human gut metagenome	ftp.sra.ebi.ac.uk/vol1/fastq/SRR509/006/SRR5091606/SRR5091606_1.fastq.gz;ftp.sra.ebi.ac.uk/vol1/fastq/SRR509/006/SRR5091606/SRR5091606_2.fastq.gz		ftp.sra.ebi.ac.uk/vol1/srr/SRR509/006/SRR5091606	RA004	Metagenome
SRR5091609	SAMN06112019	SRX2408548	PRJNA356102	408170	human gut metagenome	ftp.sra.ebi.ac.uk/vol1/fastq/SRR509/009/SRR5091609/SRR5091609_1.fastq.gz;ftp.sra.ebi.ac.uk/vol1/fastq/SRR509/009/SRR5091609/SRR5091609_2.fastq.gz		ftp.sra.ebi.ac.uk/vol1/srr/SRR509/009/SRR5091609	RA087	Metagenome
SRR5091610	SAMN06111990	SRX2408549	PRJNA356102	408170	human gut metagenome	ftp.sra.ebi.ac.uk/vol1/fastq/SRR509/000/SRR5091610/SRR5091610_1.fastq.gz;ftp.sra.ebi.ac.uk/vol1/fastq/SRR509/000/SRR5091610/SRR5091610_2.fastq.gz		ftp.sra.ebi.ac.uk/vol1/srr/SRR509/000/SRR5091610	RA020	Metagenome
SRR5091612	SAMN06111945	SRX2408551	PRJNA356102	408170	human gut metagenome	ftp.sra.ebi.ac.uk/vol1/fastq/SRR509/002/SRR5091612/SRR5091612_1.fastq.gz;ftp.sra.ebi.ac.uk/vol1/fastq/SRR509/002/SRR5091612/SRR5091612_2.fastq.gz		ftp.sra.ebi.ac.uk/vol1/srr/SRR509/002/SRR5091612	N041	Metagenome
SRR5091614	SAMN06112052	SRX2408553	PRJNA356102	408170	human gut metagenome	ftp.sra.ebi.ac.uk/vol1/fastq/SRR509/004/SRR5091614/SRR5091614_1.fastq.gz;ftp.sra.ebi.ac.uk/vol1/fastq/SRR509/004/SRR5091614/SRR5091614_2.fastq.gz		ftp.sra.ebi.ac.uk/vol1/srr/SRR509/004/SRR5091614	N237	Metagenome
SRR5091617	SAMN06112070	SRX2408556	PRJNA356102	408170	human gut metagenome	ftp.sra.ebi.ac.uk/vol1/fastq/SRR509/007/SRR5091617/SRR5091617_1.fastq.gz;ftp.sra.ebi.ac.uk/vol1/fastq/SRR509/007/SRR5091617/SRR5091617_2.fastq.gz		ftp.sra.ebi.ac.uk/vol1/srr/SRR509/007/SRR5091617	RA029	Metagenome
SRR5091453	SAMN06112047	SRX2408392	PRJNA356102	408170	human gut metagenome	ftp.sra.ebi.ac.uk/vol1/fastq/SRR509/003/SRR5091453/SRR5091453_1.fastq.gz;ftp.sra.ebi.ac.uk/vol1/fastq/SRR509/003/SRR5091453/SRR5091453_2.fastq.gz		ftp.sra.ebi.ac.uk/vol1/srr/SRR509/003/SRR5091453	N032	Metagenome
SRR5091454	SAMN06111935	SRX2408393	PRJNA356102	408170	human gut metagenome	ftp.sra.ebi.ac.uk/vol1/fastq/SRR509/004/SRR5091454/SRR5091454_1.fastq.gz;ftp.sra.ebi.ac.uk/vol1/fastq/SRR509/004/SRR5091454/SRR5091454_2.fastq.gz		ftp.sra.ebi.ac.uk/vol1/srr/SRR509/004/SRR5091454	N022	Metagenome
SRR5091455	SAMN06111992	SRX2408394	PRJNA356102	408170	human gut metagenome	ftp.sra.ebi.ac.uk/vol1/fastq/SRR509/005/SRR5091455/SRR5091455_1.fastq.gz;ftp.sra.ebi.ac.uk/vol1/fastq/SRR509/005/SRR5091455/SRR5091455_2.fastq.gz		ftp.sra.ebi.ac.uk/vol1/srr/SRR509/005/SRR5091455	RA025	Metagenome
SRR5091457	SAMN06112085	SRX2408396	PRJNA356102	408170	human gut metagenome	ftp.sra.ebi.ac.uk/vol1/fastq/SRR509/007/SRR5091457/SRR5091457_1.fastq.gz;ftp.sra.ebi.ac.uk/vol1/fastq/SRR509/007/SRR5091457/SRR5091457_2.fastq.gz		ftp.sra.ebi.ac.uk/vol1/srr/SRR509/007/SRR5091457	RA0X2	Metagenome
SRR5091458	SAMN06111989	SRX2408397	PRJNA356102	408170	human gut metagenome	ftp.sra.ebi.ac.uk/vol1/fastq/SRR509/008/SRR5091458/SRR5091458_1.fastq.gz;ftp.sra.ebi.ac.uk/vol1/fastq/SRR509/008/SRR5091458/SRR5091458_2.fastq.gz		ftp.sra.ebi.ac.uk/vol1/srr/SRR509/008/SRR5091458	RA019	Metagenome
SRR5091461	SAMN06112075	SRX2408400	PRJNA356102	408170	human gut metagenome	ftp.sra.ebi.ac.uk/vol1/fastq/SRR509/001/SRR5091461/SRR5091461_1.fastq.gz;ftp.sra.ebi.ac.uk/vol1/fastq/SRR509/001/SRR5091461/SRR5091461_2.fastq.gz		ftp.sra.ebi.ac.uk/vol1/srr/SRR509/001/SRR5091461	RA051	Metagenome
SRR5091462	SAMN06112068	SRX2408401	PRJNA356102	408170	human gut metagenome	ftp.sra.ebi.ac.uk/vol1/fastq/SRR509/002/SRR5091462/SRR5091462_1.fastq.gz;ftp.sra.ebi.ac.uk/vol1/fastq/SRR509/002/SRR5091462/SRR5091462_2.fastq.gz		ftp.sra.ebi.ac.uk/vol1/srr/SRR509/002/SRR5091462	RA024	Metagenome
SRR5091465	SAMN06112007	SRX2408404	PRJNA356102	408170	human gut metagenome	ftp.sra.ebi.ac.uk/vol1/fastq/SRR509/005/SRR5091465/SRR5091465_1.fastq.gz;ftp.sra.ebi.ac.uk/vol1/fastq/SRR509/005/SRR5091465/SRR5091465_2.fastq.gz		ftp.sra.ebi.ac.uk/vol1/srr/SRR509/005/SRR5091465	RA059	Metagenome
SRR5091466	SAMN06111955	SRX2408405	PRJNA356102	408170	human gut metagenome	ftp.sra.ebi.ac.uk/vol1/fastq/SRR509/006/SRR5091466/SRR5091466_1.fastq.gz;ftp.sra.ebi.ac.uk/vol1/fastq/SRR509/006/SRR5091466/SRR5091466_2.fastq.gz		ftp.sra.ebi.ac.uk/vol1/srr/SRR509/006/SRR5091466	N239	Metagenome
SRR5091470	SAMN06112080	SRX2408409	PRJNA356102	408170	human gut metagenome	ftp.sra.ebi.ac.uk/vol1/fastq/SRR509/000/SRR5091470/SRR5091470_1.fastq.gz;ftp.sra.ebi.ac.uk/vol1/fastq/SRR509/000/SRR5091470/SRR5091470_2.fastq.gz		ftp.sra.ebi.ac.uk/vol1/srr/SRR509/000/SRR5091470	RA084	Metagenome
SRR5091471	SAMN06112064	SRX2408410	PRJNA356102	408170	human gut metagenome	ftp.sra.ebi.ac.uk/vol1/fastq/SRR509/001/SRR5091471/SRR5091471_1.fastq.gz;ftp.sra.ebi.ac.uk/vol1/fastq/SRR509/001/SRR5091471/SRR5091471_2.fastq.gz		ftp.sra.ebi.ac.uk/vol1/srr/SRR509/001/SRR5091471	RA006	Metagenome
SRR5091474	SAMN06111953	SRX2408413	PRJNA356102	408170	human gut metagenome	ftp.sra.ebi.ac.uk/vol1/fastq/SRR509/004/SRR5091474/SRR5091474_1.fastq.gz;ftp.sra.ebi.ac.uk/vol1/fastq/SRR509/004/SRR5091474/SRR5091474_2.fastq.gz		ftp.sra.ebi.ac.uk/vol1/srr/SRR509/004/SRR5091474	N233	Metagenome
SRR5091475	SAMN06112061	SRX2408414	PRJNA356102	408170	human gut metagenome	ftp.sra.ebi.ac.uk/vol1/fastq/SRR509/005/SRR5091475/SRR5091475_1.fastq.gz;ftp.sra.ebi.ac.uk/vol1/fastq/SRR509/005/SRR5091475/SRR5091475_2.fastq.gz		ftp.sra.ebi.ac.uk/vol1/srr/SRR509/005/SRR5091475	N315	Metagenome
SRR5091476	SAMN06111964	SRX2408415	PRJNA356102	408170	human gut metagenome	ftp.sra.ebi.ac.uk/vol1/fastq/SRR509/006/SRR5091476/SRR5091476_1.fastq.gz;ftp.sra.ebi.ac.uk/vol1/fastq/SRR509/006/SRR5091476/SRR5091476_2.fastq.gz		ftp.sra.ebi.ac.uk/vol1/srr/SRR509/006/SRR5091476	N281	Metagenome
SRR5091480	SAMN06111952	SRX2408419	PRJNA356102	408170	human gut metagenome	ftp.sra.ebi.ac.uk/vol1/fastq/SRR509/000/SRR5091480/SRR5091480_1.fastq.gz;ftp.sra.ebi.ac.uk/vol1/fastq/SRR509/000/SRR5091480/SRR5091480_2.fastq.gz		ftp.sra.ebi.ac.uk/vol1/srr/SRR509/000/SRR5091480	N227	Metagenome
SRR5091482	SAMN06112033	SRX2408421	PRJNA356102	408170	human gut metagenome	ftp.sra.ebi.ac.uk/vol1/fastq/SRR509/002/SRR5091482/SRR5091482_1.fastq.gz;ftp.sra.ebi.ac.uk/vol1/fastq/SRR509/002/SRR5091482/SRR5091482_2.fastq.gz		ftp.sra.ebi.ac.uk/vol1/srr/SRR509/002/SRR5091482	RA111	Metagenome
SRR5091487	SAMN06111944	SRX2408426	PRJNA356102	408170	human gut metagenome	ftp.sra.ebi.ac.uk/vol1/fastq/SRR509/007/SRR5091487/SRR5091487_1.fastq.gz;ftp.sra.ebi.ac.uk/vol1/fastq/SRR509/007/SRR5091487/SRR5091487_2.fastq.gz		ftp.sra.ebi.ac.uk/vol1/srr/SRR509/007/SRR5091487	N040	Metagenome
SRR5091491	SAMN06112073	SRX2408430	PRJNA356102	408170	human gut metagenome	ftp.sra.ebi.ac.uk/vol1/fastq/SRR509/001/SRR5091491/SRR5091491_1.fastq.gz;ftp.sra.ebi.ac.uk/vol1/fastq/SRR509/001/SRR5091491/SRR5091491_2.fastq.gz		ftp.sra.ebi.ac.uk/vol1/srr/SRR509/001/SRR5091491	RA047	Metagenome
SRR5091497	SAMN06112030	SRX2408436	PRJNA356102	408170	human gut metagenome	ftp.sra.ebi.ac.uk/vol1/fastq/SRR509/007/SRR5091497/SRR5091497_1.fastq.gz;ftp.sra.ebi.ac.uk/vol1/fastq/SRR509/007/SRR5091497/SRR5091497_2.fastq.gz		ftp.sra.ebi.ac.uk/vol1/srr/SRR509/007/SRR5091497	RA103	Metagenome
SRR5091498	SAMN06111956	SRX2408437	PRJNA356102	408170	human gut metagenome	ftp.sra.ebi.ac.uk/vol1/fastq/SRR509/008/SRR5091498/SRR5091498_1.fastq.gz;ftp.sra.ebi.ac.uk/vol1/fastq/SRR509/008/SRR5091498/SRR5091498_2.fastq.gz		ftp.sra.ebi.ac.uk/vol1/srr/SRR509/008/SRR5091498	N240	Metagenome
SRR5091501	SAMN06112014	SRX2408440	PRJNA356102	408170	human gut metagenome	ftp.sra.ebi.ac.uk/vol1/fastq/SRR509/001/SRR5091501/SRR5091501_1.fastq.gz;ftp.sra.ebi.ac.uk/vol1/fastq/SRR509/001/SRR5091501/SRR5091501_2.fastq.gz		ftp.sra.ebi.ac.uk/vol1/srr/SRR509/001/SRR5091501	RA071	Metagenome
SRR5091504	SAMN06112020	SRX2408443	PRJNA356102	408170	human gut metagenome	ftp.sra.ebi.ac.uk/vol1/fastq/SRR509/004/SRR5091504/SRR5091504_1.fastq.gz;ftp.sra.ebi.ac.uk/vol1/fastq/SRR509/004/SRR5091504/SRR5091504_2.fastq.gz		ftp.sra.ebi.ac.uk/vol1/srr/SRR509/004/SRR5091504	RA088	Metagenome
SRR5091510	SAMN06111995	SRX2408449	PRJNA356102	408170	human gut metagenome	ftp.sra.ebi.ac.uk/vol1/fastq/SRR509/000/SRR5091510/SRR5091510_1.fastq.gz;ftp.sra.ebi.ac.uk/vol1/fastq/SRR509/000/SRR5091510/SRR5091510_2.fastq.gz		ftp.sra.ebi.ac.uk/vol1/srr/SRR509/000/SRR5091510	RA030	Metagenome
SRR5091511	SAMN06112037	SRX2408450	PRJNA356102	408170	human gut metagenome	ftp.sra.ebi.ac.uk/vol1/fastq/SRR509/001/SRR5091511/SRR5091511_1.fastq.gz;ftp.sra.ebi.ac.uk/vol1/fastq/SRR509/001/SRR5091511/SRR5091511_2.fastq.gz		ftp.sra.ebi.ac.uk/vol1/srr/SRR509/001/SRR5091511	RA122	Metagenome
SRR5091513	SAMN06111963	SRX2408452	PRJNA356102	408170	human gut metagenome	ftp.sra.ebi.ac.uk/vol1/fastq/SRR509/003/SRR5091513/SRR5091513_1.fastq.gz;ftp.sra.ebi.ac.uk/vol1/fastq/SRR509/003/SRR5091513/SRR5091513_2.fastq.gz		ftp.sra.ebi.ac.uk/vol1/srr/SRR509/003/SRR5091513	N279	Metagenome
SRR5091514	SAMN06112051	SRX2408453	PRJNA356102	408170	human gut metagenome	ftp.sra.ebi.ac.uk/vol1/fastq/SRR509/004/SRR5091514/SRR5091514_1.fastq.gz;ftp.sra.ebi.ac.uk/vol1/fastq/SRR509/004/SRR5091514/SRR5091514_2.fastq.gz		ftp.sra.ebi.ac.uk/vol1/srr/SRR509/004/SRR5091514	N235	Metagenome
SRR5091515	SAMN06111928	SRX2408454	PRJNA356102	408170	human gut metagenome	ftp.sra.ebi.ac.uk/vol1/fastq/SRR509/005/SRR5091515/SRR5091515_1.fastq.gz;ftp.sra.ebi.ac.uk/vol1/fastq/SRR509/005/SRR5091515/SRR5091515_2.fastq.gz		ftp.sra.ebi.ac.uk/vol1/srr/SRR509/005/SRR5091515	N005	Metagenome
SRR5091527	SAMN06112041	SRX2408466	PRJNA356102	408170	human gut metagenome	ftp.sra.ebi.ac.uk/vol1/fastq/SRR509/007/SRR5091527/SRR5091527_1.fastq.gz;ftp.sra.ebi.ac.uk/vol1/fastq/SRR509/007/SRR5091527/SRR5091527_2.fastq.gz		ftp.sra.ebi.ac.uk/vol1/srr/SRR509/007/SRR5091527	N014	Metagenome
SRR5091528	SAMN06112028	SRX2408467	PRJNA356102	408170	human gut metagenome	ftp.sra.ebi.ac.uk/vol1/fastq/SRR509/008/SRR5091528/SRR5091528_1.fastq.gz;ftp.sra.ebi.ac.uk/vol1/fastq/SRR509/008/SRR5091528/SRR5091528_2.fastq.gz		ftp.sra.ebi.ac.uk/vol1/srr/SRR509/008/SRR5091528	RA100	Metagenome
SRR5091529	SAMN06112016	SRX2408468	PRJNA356102	408170	human gut metagenome	ftp.sra.ebi.ac.uk/vol1/fastq/SRR509/009/SRR5091529/SRR5091529_1.fastq.gz;ftp.sra.ebi.ac.uk/vol1/fastq/SRR509/009/SRR5091529/SRR5091529_2.fastq.gz		ftp.sra.ebi.ac.uk/vol1/srr/SRR509/009/SRR5091529	RA076	Metagenome
SRR5091533	SAMN06112089	SRX2408472	PRJNA356102	408170	human gut metagenome	ftp.sra.ebi.ac.uk/vol1/fastq/SRR509/003/SRR5091533/SRR5091533_1.fastq.gz;ftp.sra.ebi.ac.uk/vol1/fastq/SRR509/003/SRR5091533/SRR5091533_2.fastq.gz		ftp.sra.ebi.ac.uk/vol1/srr/SRR509/003/SRR5091533	RA116	Metagenome
SRR5091534	SAMN06112023	SRX2408473	PRJNA356102	408170	human gut metagenome	ftp.sra.ebi.ac.uk/vol1/fastq/SRR509/004/SRR5091534/SRR5091534_1.fastq.gz;ftp.sra.ebi.ac.uk/vol1/fastq/SRR509/004/SRR5091534/SRR5091534_2.fastq.gz		ftp.sra.ebi.ac.uk/vol1/srr/SRR509/004/SRR5091534	RA095	Metagenome
SRR5091537	SAMN06111954	SRX2408476	PRJNA356102	408170	human gut metagenome	ftp.sra.ebi.ac.uk/vol1/fastq/SRR509/007/SRR5091537/SRR5091537_1.fastq.gz;ftp.sra.ebi.ac.uk/vol1/fastq/SRR509/007/SRR5091537/SRR5091537_2.fastq.gz		ftp.sra.ebi.ac.uk/vol1/srr/SRR509/007/SRR5091537	N236	Metagenome
SRR5091540	SAMN06112039	SRX2408479	PRJNA356102	408170	human gut metagenome	ftp.sra.ebi.ac.uk/vol1/fastq/SRR509/000/SRR5091540/SRR5091540_1.fastq.gz;ftp.sra.ebi.ac.uk/vol1/fastq/SRR509/000/SRR5091540/SRR5091540_2.fastq.gz		ftp.sra.ebi.ac.uk/vol1/srr/SRR509/000/SRR5091540	RA129	Metagenome
SRR5091541	SAMN06111938	SRX2408480	PRJNA356102	408170	human gut metagenome	ftp.sra.ebi.ac.uk/vol1/fastq/SRR509/001/SRR5091541/SRR5091541_1.fastq.gz;ftp.sra.ebi.ac.uk/vol1/fastq/SRR509/001/SRR5091541/SRR5091541_2.fastq.gz		ftp.sra.ebi.ac.uk/vol1/srr/SRR509/001/SRR5091541	N025	Metagenome
SRR5091544	SAMN06112035	SRX2408483	PRJNA356102	408170	human gut metagenome	ftp.sra.ebi.ac.uk/vol1/fastq/SRR509/004/SRR5091544/SRR5091544_1.fastq.gz;ftp.sra.ebi.ac.uk/vol1/fastq/SRR509/004/SRR5091544/SRR5091544_2.fastq.gz		ftp.sra.ebi.ac.uk/vol1/srr/SRR509/004/SRR5091544	RA114	Metagenome
SRR5091545	SAMN06111943	SRX2408484	PRJNA356102	408170	human gut metagenome	ftp.sra.ebi.ac.uk/vol1/fastq/SRR509/005/SRR5091545/SRR5091545_1.fastq.gz;ftp.sra.ebi.ac.uk/vol1/fastq/SRR509/005/SRR5091545/SRR5091545_2.fastq.gz		ftp.sra.ebi.ac.uk/vol1/srr/SRR509/005/SRR5091545	N038	Metagenome
SRR5091460	SAMN06112090	SRX2408399	PRJNA356102	408170	human gut metagenome	ftp.sra.ebi.ac.uk/vol1/fastq/SRR509/000/SRR5091460/SRR5091460_1.fastq.gz;ftp.sra.ebi.ac.uk/vol1/fastq/SRR509/000/SRR5091460/SRR5091460_2.fastq.gz		ftp.sra.ebi.ac.uk/vol1/srr/SRR509/000/SRR5091460	RA120	Metagenome
SRR5091556	SAMN06112072	SRX2408495	PRJNA356102	408170	human gut metagenome	ftp.sra.ebi.ac.uk/vol1/fastq/SRR509/006/SRR5091556/SRR5091556_1.fastq.gz;ftp.sra.ebi.ac.uk/vol1/fastq/SRR509/006/SRR5091556/SRR5091556_2.fastq.gz		ftp.sra.ebi.ac.uk/vol1/srr/SRR509/006/SRR5091556	RA042	Metagenome
SRR5091557	SAMN06111977	SRX2408496	PRJNA356102	408170	human gut metagenome	ftp.sra.ebi.ac.uk/vol1/fastq/SRR509/007/SRR5091557/SRR5091557_1.fastq.gz;ftp.sra.ebi.ac.uk/vol1/fastq/SRR509/007/SRR5091557/SRR5091557_2.fastq.gz		ftp.sra.ebi.ac.uk/vol1/srr/SRR509/007/SRR5091557	N317	Metagenome
SRR5091463	SAMN06112034	SRX2408402	PRJNA356102	408170	human gut metagenome	ftp.sra.ebi.ac.uk/vol1/fastq/SRR509/003/SRR5091463/SRR5091463_1.fastq.gz;ftp.sra.ebi.ac.uk/vol1/fastq/SRR509/003/SRR5091463/SRR5091463_2.fastq.gz		ftp.sra.ebi.ac.uk/vol1/srr/SRR509/003/SRR5091463	RA113	Metagenome
SRR5091558	SAMN06112031	SRX2408497	PRJNA356102	408170	human gut metagenome	ftp.sra.ebi.ac.uk/vol1/fastq/SRR509/008/SRR5091558/SRR5091558_1.fastq.gz;ftp.sra.ebi.ac.uk/vol1/fastq/SRR509/008/SRR5091558/SRR5091558_2.fastq.gz		ftp.sra.ebi.ac.uk/vol1/srr/SRR509/008/SRR5091558	RA105	Metagenome
SRR5091561	SAMN06112092	SRX2408500	PRJNA356102	408170	human gut metagenome	ftp.sra.ebi.ac.uk/vol1/fastq/SRR509/001/SRR5091561/SRR5091561_1.fastq.gz;ftp.sra.ebi.ac.uk/vol1/fastq/SRR509/001/SRR5091561/SRR5091561_2.fastq.gz		ftp.sra.ebi.ac.uk/vol1/srr/SRR509/001/SRR5091561	RA131	Metagenome
SRR5091464	SAMN06112076	SRX2408403	PRJNA356102	408170	human gut metagenome	ftp.sra.ebi.ac.uk/vol1/fastq/SRR509/004/SRR5091464/SRR5091464_1.fastq.gz;ftp.sra.ebi.ac.uk/vol1/fastq/SRR509/004/SRR5091464/SRR5091464_2.fastq.gz		ftp.sra.ebi.ac.uk/vol1/srr/SRR509/004/SRR5091464	RA056	Metagenome
SRR5091562	SAMN06112045	SRX2408501	PRJNA356102	408170	human gut metagenome	ftp.sra.ebi.ac.uk/vol1/fastq/SRR509/002/SRR5091562/SRR5091562_1.fastq.gz;ftp.sra.ebi.ac.uk/vol1/fastq/SRR509/002/SRR5091562/SRR5091562_2.fastq.gz		ftp.sra.ebi.ac.uk/vol1/srr/SRR509/002/SRR5091562	N030	Metagenome
SRR5091563	SAMN06112038	SRX2408502	PRJNA356102	408170	human gut metagenome	ftp.sra.ebi.ac.uk/vol1/fastq/SRR509/003/SRR5091563/SRR5091563_1.fastq.gz;ftp.sra.ebi.ac.uk/vol1/fastq/SRR509/003/SRR5091563/SRR5091563_2.fastq.gz		ftp.sra.ebi.ac.uk/vol1/srr/SRR509/003/SRR5091563	RA127	Metagenome
SRR5091467	SAMN06112046	SRX2408406	PRJNA356102	408170	human gut metagenome	ftp.sra.ebi.ac.uk/vol1/fastq/SRR509/007/SRR5091467/SRR5091467_1.fastq.gz;ftp.sra.ebi.ac.uk/vol1/fastq/SRR509/007/SRR5091467/SRR5091467_2.fastq.gz		ftp.sra.ebi.ac.uk/vol1/srr/SRR509/007/SRR5091467	N031	Metagenome
SRR5091564	SAMN06111969	SRX2408503	PRJNA356102	408170	human gut metagenome	ftp.sra.ebi.ac.uk/vol1/fastq/SRR509/004/SRR5091564/SRR5091564_1.fastq.gz;ftp.sra.ebi.ac.uk/vol1/fastq/SRR509/004/SRR5091564/SRR5091564_2.fastq.gz		ftp.sra.ebi.ac.uk/vol1/srr/SRR509/004/SRR5091564	N290	Metagenome
SRR5091565	SAMN06112060	SRX2408504	PRJNA356102	408170	human gut metagenome	ftp.sra.ebi.ac.uk/vol1/fastq/SRR509/005/SRR5091565/SRR5091565_1.fastq.gz;ftp.sra.ebi.ac.uk/vol1/fastq/SRR509/005/SRR5091565/SRR5091565_2.fastq.gz		ftp.sra.ebi.ac.uk/vol1/srr/SRR509/005/SRR5091565	N314	Metagenome
SRR5091469	SAMN06111972	SRX2408408	PRJNA356102	408170	human gut metagenome	ftp.sra.ebi.ac.uk/vol1/fastq/SRR509/009/SRR5091469/SRR5091469_1.fastq.gz;ftp.sra.ebi.ac.uk/vol1/fastq/SRR509/009/SRR5091469/SRR5091469_2.fastq.gz		ftp.sra.ebi.ac.uk/vol1/srr/SRR509/009/SRR5091469	N307	Metagenome
SRR5091569	SAMN06111984	SRX2408508	PRJNA356102	408170	human gut metagenome	ftp.sra.ebi.ac.uk/vol1/fastq/SRR509/009/SRR5091569/SRR5091569_1.fastq.gz;ftp.sra.ebi.ac.uk/vol1/fastq/SRR509/009/SRR5091569/SRR5091569_2.fastq.gz		ftp.sra.ebi.ac.uk/vol1/srr/SRR509/009/SRR5091569	RA009	Metagenome
SRR5091570	SAMN06111985	SRX2408509	PRJNA356102	408170	human gut metagenome	ftp.sra.ebi.ac.uk/vol1/fastq/SRR509/000/SRR5091570/SRR5091570_1.fastq.gz;ftp.sra.ebi.ac.uk/vol1/fastq/SRR509/000/SRR5091570/SRR5091570_2.fastq.gz		ftp.sra.ebi.ac.uk/vol1/srr/SRR509/000/SRR5091570	RA012	Metagenome
SRR5091472	SAMN06112055	SRX2408411	PRJNA356102	408170	human gut metagenome	ftp.sra.ebi.ac.uk/vol1/fastq/SRR509/002/SRR5091472/SRR5091472_1.fastq.gz;ftp.sra.ebi.ac.uk/vol1/fastq/SRR509/002/SRR5091472/SRR5091472_2.fastq.gz		ftp.sra.ebi.ac.uk/vol1/srr/SRR509/002/SRR5091472	N264	Metagenome
SRR5091571	SAMN06111981	SRX2408510	PRJNA356102	408170	human gut metagenome	ftp.sra.ebi.ac.uk/vol1/fastq/SRR509/001/SRR5091571/SRR5091571_1.fastq.gz;ftp.sra.ebi.ac.uk/vol1/fastq/SRR509/001/SRR5091571/SRR5091571_2.fastq.gz		ftp.sra.ebi.ac.uk/vol1/srr/SRR509/001/SRR5091571	RA005	Metagenome
SRR5091573	SAMN06111939	SRX2408512	PRJNA356102	408170	human gut metagenome	ftp.sra.ebi.ac.uk/vol1/fastq/SRR509/003/SRR5091573/SRR5091573_1.fastq.gz;ftp.sra.ebi.ac.uk/vol1/fastq/SRR509/003/SRR5091573/SRR5091573_2.fastq.gz		ftp.sra.ebi.ac.uk/vol1/srr/SRR509/003/SRR5091573	N026	Metagenome
SRR5091473	SAMN06111975	SRX2408412	PRJNA356102	408170	human gut metagenome	ftp.sra.ebi.ac.uk/vol1/fastq/SRR509/003/SRR5091473/SRR5091473_1.fastq.gz;ftp.sra.ebi.ac.uk/vol1/fastq/SRR509/003/SRR5091473/SRR5091473_2.fastq.gz		ftp.sra.ebi.ac.uk/vol1/srr/SRR509/003/SRR5091473	N310	Metagenome
SRR5091574	SAMN06111932	SRX2408513	PRJNA356102	408170	human gut metagenome	ftp.sra.ebi.ac.uk/vol1/fastq/SRR509/004/SRR5091574/SRR5091574_1.fastq.gz;ftp.sra.ebi.ac.uk/vol1/fastq/SRR509/004/SRR5091574/SRR5091574_2.fastq.gz		ftp.sra.ebi.ac.uk/vol1/srr/SRR509/004/SRR5091574	N018	Metagenome
SRR5091576	SAMN06112049	SRX2408515	PRJNA356102	408170	human gut metagenome	ftp.sra.ebi.ac.uk/vol1/fastq/SRR509/006/SRR5091576/SRR5091576_1.fastq.gz;ftp.sra.ebi.ac.uk/vol1/fastq/SRR509/006/SRR5091576/SRR5091576_2.fastq.gz		ftp.sra.ebi.ac.uk/vol1/srr/SRR509/006/SRR5091576	N036	Metagenome
SRR5091477	SAMN06112042	SRX2408416	PRJNA356102	408170	human gut metagenome	ftp.sra.ebi.ac.uk/vol1/fastq/SRR509/007/SRR5091477/SRR5091477_1.fastq.gz;ftp.sra.ebi.ac.uk/vol1/fastq/SRR509/007/SRR5091477/SRR5091477_2.fastq.gz		ftp.sra.ebi.ac.uk/vol1/srr/SRR509/007/SRR5091477	N017	Metagenome
SRR5091577	SAMN06111934	SRX2408516	PRJNA356102	408170	human gut metagenome	ftp.sra.ebi.ac.uk/vol1/fastq/SRR509/007/SRR5091577/SRR5091577_1.fastq.gz;ftp.sra.ebi.ac.uk/vol1/fastq/SRR509/007/SRR5091577/SRR5091577_2.fastq.gz		ftp.sra.ebi.ac.uk/vol1/srr/SRR509/007/SRR5091577	N021	Metagenome
SRR5091578	SAMN06111929	SRX2408517	PRJNA356102	408170	human gut metagenome	ftp.sra.ebi.ac.uk/vol1/fastq/SRR509/008/SRR5091578/SRR5091578_1.fastq.gz;ftp.sra.ebi.ac.uk/vol1/fastq/SRR509/008/SRR5091578/SRR5091578_2.fastq.gz		ftp.sra.ebi.ac.uk/vol1/srr/SRR509/008/SRR5091578	N009	Metagenome
SRR5091478	SAMN06111957	SRX2408417	PRJNA356102	408170	human gut metagenome	ftp.sra.ebi.ac.uk/vol1/fastq/SRR509/008/SRR5091478/SRR5091478_1.fastq.gz;ftp.sra.ebi.ac.uk/vol1/fastq/SRR509/008/SRR5091478/SRR5091478_2.fastq.gz		ftp.sra.ebi.ac.uk/vol1/srr/SRR509/008/SRR5091478	N244	Metagenome
SRR5091581	SAMN06112040	SRX2408520	PRJNA356102	408170	human gut metagenome	ftp.sra.ebi.ac.uk/vol1/fastq/SRR509/001/SRR5091581/SRR5091581_1.fastq.gz;ftp.sra.ebi.ac.uk/vol1/fastq/SRR509/001/SRR5091581/SRR5091581_2.fastq.gz		ftp.sra.ebi.ac.uk/vol1/srr/SRR509/001/SRR5091581	RA130	Metagenome
SRR5091583	SAMN06111961	SRX2408522	PRJNA356102	408170	human gut metagenome	ftp.sra.ebi.ac.uk/vol1/fastq/SRR509/003/SRR5091583/SRR5091583_1.fastq.gz;ftp.sra.ebi.ac.uk/vol1/fastq/SRR509/003/SRR5091583/SRR5091583_2.fastq.gz		ftp.sra.ebi.ac.uk/vol1/srr/SRR509/003/SRR5091583	N267	Metagenome
SRR5091481	SAMN06111973	SRX2408420	PRJNA356102	408170	human gut metagenome	ftp.sra.ebi.ac.uk/vol1/fastq/SRR509/001/SRR5091481/SRR5091481_1.fastq.gz;ftp.sra.ebi.ac.uk/vol1/fastq/SRR509/001/SRR5091481/SRR5091481_2.fastq.gz		ftp.sra.ebi.ac.uk/vol1/srr/SRR509/001/SRR5091481	N308	Metagenome
SRR5091486	SAMN06112094	SRX2408425	PRJNA356102	408170	human gut metagenome	ftp.sra.ebi.ac.uk/vol1/fastq/SRR509/006/SRR5091486/SRR5091486_1.fastq.gz;ftp.sra.ebi.ac.uk/vol1/fastq/SRR509/006/SRR5091486/SRR5091486_2.fastq.gz		ftp.sra.ebi.ac.uk/vol1/srr/SRR509/006/SRR5091486	RA134	Metagenome
SRR5091584	SAMN06112006	SRX2408523	PRJNA356102	408170	human gut metagenome	ftp.sra.ebi.ac.uk/vol1/fastq/SRR509/004/SRR5091584/SRR5091584_1.fastq.gz;ftp.sra.ebi.ac.uk/vol1/fastq/SRR509/004/SRR5091584/SRR5091584_2.fastq.gz		ftp.sra.ebi.ac.uk/vol1/srr/SRR509/004/SRR5091584	RA058	Metagenome
SRR5091587	SAMN06111947	SRX2408526	PRJNA356102	408170	human gut metagenome	ftp.sra.ebi.ac.uk/vol1/fastq/SRR509/007/SRR5091587/SRR5091587_1.fastq.gz;ftp.sra.ebi.ac.uk/vol1/fastq/SRR509/007/SRR5091587/SRR5091587_2.fastq.gz		ftp.sra.ebi.ac.uk/vol1/srr/SRR509/007/SRR5091587	N209	Metagenome
SRR5091489	SAMN06112015	SRX2408428	PRJNA356102	408170	human gut metagenome	ftp.sra.ebi.ac.uk/vol1/fastq/SRR509/009/SRR5091489/SRR5091489_1.fastq.gz;ftp.sra.ebi.ac.uk/vol1/fastq/SRR509/009/SRR5091489/SRR5091489_2.fastq.gz		ftp.sra.ebi.ac.uk/vol1/srr/SRR509/009/SRR5091489	RA073	Metagenome
SRR5091603	SAMN06111971	SRX2408542	PRJNA356102	408170	human gut metagenome	ftp.sra.ebi.ac.uk/vol1/fastq/SRR509/003/SRR5091603/SRR5091603_1.fastq.gz;ftp.sra.ebi.ac.uk/vol1/fastq/SRR509/003/SRR5091603/SRR5091603_2.fastq.gz		ftp.sra.ebi.ac.uk/vol1/srr/SRR509/003/SRR5091603	N306	Metagenome
SRR5091605	SAMN06112077	SRX2408544	PRJNA356102	408170	human gut metagenome	ftp.sra.ebi.ac.uk/vol1/fastq/SRR509/005/SRR5091605/SRR5091605_1.fastq.gz;ftp.sra.ebi.ac.uk/vol1/fastq/SRR509/005/SRR5091605/SRR5091605_2.fastq.gz		ftp.sra.ebi.ac.uk/vol1/srr/SRR509/005/SRR5091605	RA064	Metagenome
SRR5091490	SAMN06111951	SRX2408429	PRJNA356102	408170	human gut metagenome	ftp.sra.ebi.ac.uk/vol1/fastq/SRR509/000/SRR5091490/SRR5091490_1.fastq.gz;ftp.sra.ebi.ac.uk/vol1/fastq/SRR509/000/SRR5091490/SRR5091490_2.fastq.gz		ftp.sra.ebi.ac.uk/vol1/srr/SRR509/000/SRR5091490	N219	Metagenome
SRR5091608	SAMN06112067	SRX2408547	PRJNA356102	408170	human gut metagenome	ftp.sra.ebi.ac.uk/vol1/fastq/SRR509/008/SRR5091608/SRR5091608_1.fastq.gz;ftp.sra.ebi.ac.uk/vol1/fastq/SRR509/008/SRR5091608/SRR5091608_2.fastq.gz		ftp.sra.ebi.ac.uk/vol1/srr/SRR509/008/SRR5091608	RA016	Metagenome
SRR5091611	SAMN06112050	SRX2408550	PRJNA356102	408170	human gut metagenome	ftp.sra.ebi.ac.uk/vol1/fastq/SRR509/001/SRR5091611/SRR5091611_1.fastq.gz;ftp.sra.ebi.ac.uk/vol1/fastq/SRR509/001/SRR5091611/SRR5091611_2.fastq.gz		ftp.sra.ebi.ac.uk/vol1/srr/SRR509/001/SRR5091611	N039	Metagenome
SRR5091493	SAMN06112026	SRX2408432	PRJNA356102	408170	human gut metagenome	ftp.sra.ebi.ac.uk/vol1/fastq/SRR509/003/SRR5091493/SRR5091493_1.fastq.gz;ftp.sra.ebi.ac.uk/vol1/fastq/SRR509/003/SRR5091493/SRR5091493_2.fastq.gz		ftp.sra.ebi.ac.uk/vol1/srr/SRR509/003/SRR5091493	RA098	Metagenome
SRR5091613	SAMN06112056	SRX2408552	PRJNA356102	408170	human gut metagenome	ftp.sra.ebi.ac.uk/vol1/fastq/SRR509/003/SRR5091613/SRR5091613_1.fastq.gz;ftp.sra.ebi.ac.uk/vol1/fastq/SRR509/003/SRR5091613/SRR5091613_2.fastq.gz		ftp.sra.ebi.ac.uk/vol1/srr/SRR509/003/SRR5091613	N266	Metagenome
SRR5091615	SAMN06111967	SRX2408554	PRJNA356102	408170	human gut metagenome	ftp.sra.ebi.ac.uk/vol1/fastq/SRR509/005/SRR5091615/SRR5091615_1.fastq.gz;ftp.sra.ebi.ac.uk/vol1/fastq/SRR509/005/SRR5091615/SRR5091615_2.fastq.gz		ftp.sra.ebi.ac.uk/vol1/srr/SRR509/005/SRR5091615	N286	Metagenome
SRR5091499	SAMN06111998	SRX2408438	PRJNA356102	408170	human gut metagenome	ftp.sra.ebi.ac.uk/vol1/fastq/SRR509/009/SRR5091499/SRR5091499_1.fastq.gz;ftp.sra.ebi.ac.uk/vol1/fastq/SRR509/009/SRR5091499/SRR5091499_2.fastq.gz		ftp.sra.ebi.ac.uk/vol1/srr/SRR509/009/SRR5091499	RA039	Metagenome
SRR5091618	SAMN06111999	SRX2408557	PRJNA356102	408170	human gut metagenome	ftp.sra.ebi.ac.uk/vol1/fastq/SRR509/008/SRR5091618/SRR5091618_1.fastq.gz;ftp.sra.ebi.ac.uk/vol1/fastq/SRR509/008/SRR5091618/SRR5091618_2.fastq.gz		ftp.sra.ebi.ac.uk/vol1/srr/SRR509/008/SRR5091618	RA040	Metagenome
SRR5091620	SAMN06111979	SRX2408559	PRJNA356102	408170	human gut metagenome	ftp.sra.ebi.ac.uk/vol1/fastq/SRR509/000/SRR5091620/SRR5091620_1.fastq.gz;ftp.sra.ebi.ac.uk/vol1/fastq/SRR509/000/SRR5091620/SRR5091620_2.fastq.gz		ftp.sra.ebi.ac.uk/vol1/srr/SRR509/000/SRR5091620	RA002	Metagenome
SRR5091502	SAMN06111997	SRX2408441	PRJNA356102	408170	human gut metagenome	ftp.sra.ebi.ac.uk/vol1/fastq/SRR509/002/SRR5091502/SRR5091502_1.fastq.gz;ftp.sra.ebi.ac.uk/vol1/fastq/SRR509/002/SRR5091502/SRR5091502_2.fastq.gz		ftp.sra.ebi.ac.uk/vol1/srr/SRR509/002/SRR5091502	RA037	Metagenome
SRR5091505	SAMN06111930	SRX2408444	PRJNA356102	408170	human gut metagenome	ftp.sra.ebi.ac.uk/vol1/fastq/SRR509/005/SRR5091505/SRR5091505_1.fastq.gz;ftp.sra.ebi.ac.uk/vol1/fastq/SRR509/005/SRR5091505/SRR5091505_2.fastq.gz		ftp.sra.ebi.ac.uk/vol1/srr/SRR509/005/SRR5091505	N010	Metagenome
SRR5091507	SAMN06111994	SRX2408446	PRJNA356102	408170	human gut metagenome	ftp.sra.ebi.ac.uk/vol1/fastq/SRR509/007/SRR5091507/SRR5091507_1.fastq.gz;ftp.sra.ebi.ac.uk/vol1/fastq/SRR509/007/SRR5091507/SRR5091507_2.fastq.gz		ftp.sra.ebi.ac.uk/vol1/srr/SRR509/007/SRR5091507	RA028	Metagenome
SRR5091512	SAMN06111933	SRX2408451	PRJNA356102	408170	human gut metagenome	ftp.sra.ebi.ac.uk/vol1/fastq/SRR509/002/SRR5091512/SRR5091512_1.fastq.gz;ftp.sra.ebi.ac.uk/vol1/fastq/SRR509/002/SRR5091512/SRR5091512_2.fastq.gz		ftp.sra.ebi.ac.uk/vol1/srr/SRR509/002/SRR5091512	N019	Metagenome
SRR5091517	SAMN06112084	SRX2408456	PRJNA356102	408170	human gut metagenome	ftp.sra.ebi.ac.uk/vol1/fastq/SRR509/007/SRR5091517/SRR5091517_1.fastq.gz;ftp.sra.ebi.ac.uk/vol1/fastq/SRR509/007/SRR5091517/SRR5091517_2.fastq.gz		ftp.sra.ebi.ac.uk/vol1/srr/SRR509/007/SRR5091517	RA0X1	Metagenome
SRR5091518	SAMN06111982	SRX2408457	PRJNA356102	408170	human gut metagenome	ftp.sra.ebi.ac.uk/vol1/fastq/SRR509/008/SRR5091518/SRR5091518_1.fastq.gz;ftp.sra.ebi.ac.uk/vol1/fastq/SRR509/008/SRR5091518/SRR5091518_2.fastq.gz		ftp.sra.ebi.ac.uk/vol1/srr/SRR509/008/SRR5091518	RA007	Metagenome
SRR5091519	SAMN06111986	SRX2408458	PRJNA356102	408170	human gut metagenome	ftp.sra.ebi.ac.uk/vol1/fastq/SRR509/009/SRR5091519/SRR5091519_1.fastq.gz;ftp.sra.ebi.ac.uk/vol1/fastq/SRR509/009/SRR5091519/SRR5091519_2.fastq.gz		ftp.sra.ebi.ac.uk/vol1/srr/SRR509/009/SRR5091519	RA015	Metagenome
SRR5091520	SAMN06111978	SRX2408459	PRJNA356102	408170	human gut metagenome	ftp.sra.ebi.ac.uk/vol1/fastq/SRR509/000/SRR5091520/SRR5091520_1.fastq.gz;ftp.sra.ebi.ac.uk/vol1/fastq/SRR509/000/SRR5091520/SRR5091520_2.fastq.gz		ftp.sra.ebi.ac.uk/vol1/srr/SRR509/000/SRR5091520	RA001	Metagenome
SRR5091521	SAMN06112021	SRX2408460	PRJNA356102	408170	human gut metagenome	ftp.sra.ebi.ac.uk/vol1/fastq/SRR509/001/SRR5091521/SRR5091521_1.fastq.gz;ftp.sra.ebi.ac.uk/vol1/fastq/SRR509/001/SRR5091521/SRR5091521_2.fastq.gz		ftp.sra.ebi.ac.uk/vol1/srr/SRR509/001/SRR5091521	RA091	Metagenome
SRR5091523	SAMN06112088	SRX2408462	PRJNA356102	408170	human gut metagenome	ftp.sra.ebi.ac.uk/vol1/fastq/SRR509/003/SRR5091523/SRR5091523_1.fastq.gz;ftp.sra.ebi.ac.uk/vol1/fastq/SRR509/003/SRR5091523/SRR5091523_2.fastq.gz		ftp.sra.ebi.ac.uk/vol1/srr/SRR509/003/SRR5091523	RA107	Metagenome
SRR5091525	SAMN06111948	SRX2408464	PRJNA356102	408170	human gut metagenome	ftp.sra.ebi.ac.uk/vol1/fastq/SRR509/005/SRR5091525/SRR5091525_1.fastq.gz;ftp.sra.ebi.ac.uk/vol1/fastq/SRR509/005/SRR5091525/SRR5091525_2.fastq.gz		ftp.sra.ebi.ac.uk/vol1/srr/SRR509/005/SRR5091525	N212	Metagenome
SRR5091530	SAMN06111941	SRX2408469	PRJNA356102	408170	human gut metagenome	ftp.sra.ebi.ac.uk/vol1/fastq/SRR509/000/SRR5091530/SRR5091530_1.fastq.gz;ftp.sra.ebi.ac.uk/vol1/fastq/SRR509/000/SRR5091530/SRR5091530_2.fastq.gz		ftp.sra.ebi.ac.uk/vol1/srr/SRR509/000/SRR5091530	N028	Metagenome
SRR5091531	SAMN06111958	SRX2408470	PRJNA356102	408170	human gut metagenome	ftp.sra.ebi.ac.uk/vol1/fastq/SRR509/001/SRR5091531/SRR5091531_1.fastq.gz;ftp.sra.ebi.ac.uk/vol1/fastq/SRR509/001/SRR5091531/SRR5091531_2.fastq.gz		ftp.sra.ebi.ac.uk/vol1/srr/SRR509/001/SRR5091531	N253	Metagenome
SRR5091532	SAMN06112091	SRX2408471	PRJNA356102	408170	human gut metagenome	ftp.sra.ebi.ac.uk/vol1/fastq/SRR509/002/SRR5091532/SRR5091532_1.fastq.gz;ftp.sra.ebi.ac.uk/vol1/fastq/SRR509/002/SRR5091532/SRR5091532_2.fastq.gz		ftp.sra.ebi.ac.uk/vol1/srr/SRR509/002/SRR5091532	RA123	Metagenome
SRR5091535	SAMN06111959	SRX2408474	PRJNA356102	408170	human gut metagenome	ftp.sra.ebi.ac.uk/vol1/fastq/SRR509/005/SRR5091535/SRR5091535_1.fastq.gz;ftp.sra.ebi.ac.uk/vol1/fastq/SRR509/005/SRR5091535/SRR5091535_2.fastq.gz		ftp.sra.ebi.ac.uk/vol1/srr/SRR509/005/SRR5091535	N256	Metagenome
SRR5091536	SAMN06112066	SRX2408475	PRJNA356102	408170	human gut metagenome	ftp.sra.ebi.ac.uk/vol1/fastq/SRR509/006/SRR5091536/SRR5091536_1.fastq.gz;ftp.sra.ebi.ac.uk/vol1/fastq/SRR509/006/SRR5091536/SRR5091536_2.fastq.gz		ftp.sra.ebi.ac.uk/vol1/srr/SRR509/006/SRR5091536	RA013	Metagenome
SRR5091538	SAMN06111949	SRX2408477	PRJNA356102	408170	human gut metagenome	ftp.sra.ebi.ac.uk/vol1/fastq/SRR509/008/SRR5091538/SRR5091538_1.fastq.gz;ftp.sra.ebi.ac.uk/vol1/fastq/SRR509/008/SRR5091538/SRR5091538_2.fastq.gz		ftp.sra.ebi.ac.uk/vol1/srr/SRR509/008/SRR5091538	N216	Metagenome
SRR5091539	SAMN06112093	SRX2408478	PRJNA356102	408170	human gut metagenome	ftp.sra.ebi.ac.uk/vol1/fastq/SRR509/009/SRR5091539/SRR5091539_1.fastq.gz;ftp.sra.ebi.ac.uk/vol1/fastq/SRR509/009/SRR5091539/SRR5091539_2.fastq.gz		ftp.sra.ebi.ac.uk/vol1/srr/SRR509/009/SRR5091539	RA132	Metagenome
SRR5091543	SAMN06112027	SRX2408482	PRJNA356102	408170	human gut metagenome	ftp.sra.ebi.ac.uk/vol1/fastq/SRR509/003/SRR5091543/SRR5091543_1.fastq.gz;ftp.sra.ebi.ac.uk/vol1/fastq/SRR509/003/SRR5091543/SRR5091543_2.fastq.gz		ftp.sra.ebi.ac.uk/vol1/srr/SRR509/003/SRR5091543	RA099	Metagenome
SRR5091548	SAMN06112086	SRX2408487	PRJNA356102	408170	human gut metagenome	ftp.sra.ebi.ac.uk/vol1/fastq/SRR509/008/SRR5091548/SRR5091548_1.fastq.gz;ftp.sra.ebi.ac.uk/vol1/fastq/SRR509/008/SRR5091548/SRR5091548_2.fastq.gz		ftp.sra.ebi.ac.uk/vol1/srr/SRR509/008/SRR5091548	RA101	Metagenome
SRR5091550	SAMN06112025	SRX2408489	PRJNA356102	408170	human gut metagenome	ftp.sra.ebi.ac.uk/vol1/fastq/SRR509/000/SRR5091550/SRR5091550_1.fastq.gz;ftp.sra.ebi.ac.uk/vol1/fastq/SRR509/000/SRR5091550/SRR5091550_2.fastq.gz		ftp.sra.ebi.ac.uk/vol1/srr/SRR509/000/SRR5091550	RA097	Metagenome
SRR5091555	SAMN06111962	SRX2408494	PRJNA356102	408170	human gut metagenome	ftp.sra.ebi.ac.uk/vol1/fastq/SRR509/005/SRR5091555/SRR5091555_1.fastq.gz;ftp.sra.ebi.ac.uk/vol1/fastq/SRR509/005/SRR5091555/SRR5091555_2.fastq.gz		ftp.sra.ebi.ac.uk/vol1/srr/SRR509/005/SRR5091555	N274	Metagenome
SRR5091568	SAMN06112081	SRX2408507	PRJNA356102	408170	human gut metagenome	ftp.sra.ebi.ac.uk/vol1/fastq/SRR509/008/SRR5091568/SRR5091568_1.fastq.gz;ftp.sra.ebi.ac.uk/vol1/fastq/SRR509/008/SRR5091568/SRR5091568_2.fastq.gz		ftp.sra.ebi.ac.uk/vol1/srr/SRR509/008/SRR5091568	RA089	Metagenome
SRR5091575	SAMN06111942	SRX2408514	PRJNA356102	408170	human gut metagenome	ftp.sra.ebi.ac.uk/vol1/fastq/SRR509/005/SRR5091575/SRR5091575_1.fastq.gz;ftp.sra.ebi.ac.uk/vol1/fastq/SRR509/005/SRR5091575/SRR5091575_2.fastq.gz		ftp.sra.ebi.ac.uk/vol1/srr/SRR509/005/SRR5091575	N037	Metagenome
SRR5091579	SAMN06111946	SRX2408518	PRJNA356102	408170	human gut metagenome	ftp.sra.ebi.ac.uk/vol1/fastq/SRR509/009/SRR5091579/SRR5091579_1.fastq.gz;ftp.sra.ebi.ac.uk/vol1/fastq/SRR509/009/SRR5091579/SRR5091579_2.fastq.gz		ftp.sra.ebi.ac.uk/vol1/srr/SRR509/009/SRR5091579	N208	Metagenome
SRR5091582	SAMN06112036	SRX2408521	PRJNA356102	408170	human gut metagenome	ftp.sra.ebi.ac.uk/vol1/fastq/SRR509/002/SRR5091582/SRR5091582_1.fastq.gz;ftp.sra.ebi.ac.uk/vol1/fastq/SRR509/002/SRR5091582/SRR5091582_2.fastq.gz		ftp.sra.ebi.ac.uk/vol1/srr/SRR509/002/SRR5091582	RA118	Metagenome
SRR5091588	SAMN06112043	SRX2408527	PRJNA356102	408170	human gut metagenome	ftp.sra.ebi.ac.uk/vol1/fastq/SRR509/008/SRR5091588/SRR5091588_1.fastq.gz;ftp.sra.ebi.ac.uk/vol1/fastq/SRR509/008/SRR5091588/SRR5091588_2.fastq.gz		ftp.sra.ebi.ac.uk/vol1/srr/SRR509/008/SRR5091588	N020	Metagenome
SRR5091591	SAMN06112000	SRX2408530	PRJNA356102	408170	human gut metagenome	ftp.sra.ebi.ac.uk/vol1/fastq/SRR509/001/SRR5091591/SRR5091591_1.fastq.gz;ftp.sra.ebi.ac.uk/vol1/fastq/SRR509/001/SRR5091591/SRR5091591_2.fastq.gz		ftp.sra.ebi.ac.uk/vol1/srr/SRR509/001/SRR5091591	RA045	Metagenome
SRR5091592	SAMN06111993	SRX2408531	PRJNA356102	408170	human gut metagenome	ftp.sra.ebi.ac.uk/vol1/fastq/SRR509/002/SRR5091592/SRR5091592_1.fastq.gz;ftp.sra.ebi.ac.uk/vol1/fastq/SRR509/002/SRR5091592/SRR5091592_2.fastq.gz		ftp.sra.ebi.ac.uk/vol1/srr/SRR509/002/SRR5091592	RA026	Metagenome
SRR5091595	SAMN06112057	SRX2408534	PRJNA356102	408170	human gut metagenome	ftp.sra.ebi.ac.uk/vol1/fastq/SRR509/005/SRR5091595/SRR5091595_1.fastq.gz;ftp.sra.ebi.ac.uk/vol1/fastq/SRR509/005/SRR5091595/SRR5091595_2.fastq.gz		ftp.sra.ebi.ac.uk/vol1/srr/SRR509/005/SRR5091595	N277	Metagenome
SRR5091599	SAMN06111965	SRX2408538	PRJNA356102	408170	human gut metagenome	ftp.sra.ebi.ac.uk/vol1/fastq/SRR509/009/SRR5091599/SRR5091599_1.fastq.gz;ftp.sra.ebi.ac.uk/vol1/fastq/SRR509/009/SRR5091599/SRR5091599_2.fastq.gz		ftp.sra.ebi.ac.uk/vol1/srr/SRR509/009/SRR5091599	N283	Metagenome
SRR5091600	SAMN06111968	SRX2408539	PRJNA356102	408170	human gut metagenome	ftp.sra.ebi.ac.uk/vol1/fastq/SRR509/000/SRR5091600/SRR5091600_1.fastq.gz;ftp.sra.ebi.ac.uk/vol1/fastq/SRR509/000/SRR5091600/SRR5091600_2.fastq.gz		ftp.sra.ebi.ac.uk/vol1/srr/SRR509/000/SRR5091600	N287	Metagenome
SRR5091601	SAMN06112065	SRX2408540	PRJNA356102	408170	human gut metagenome	ftp.sra.ebi.ac.uk/vol1/fastq/SRR509/001/SRR5091601/SRR5091601_1.fastq.gz;ftp.sra.ebi.ac.uk/vol1/fastq/SRR509/001/SRR5091601/SRR5091601_2.fastq.gz		ftp.sra.ebi.ac.uk/vol1/srr/SRR509/001/SRR5091601	RA011	Metagenome
SRR5091602	SAMN06112018	SRX2408541	PRJNA356102	408170	human gut metagenome	ftp.sra.ebi.ac.uk/vol1/fastq/SRR509/002/SRR5091602/SRR5091602_1.fastq.gz;ftp.sra.ebi.ac.uk/vol1/fastq/SRR509/002/SRR5091602/SRR5091602_2.fastq.gz		ftp.sra.ebi.ac.uk/vol1/srr/SRR509/002/SRR5091602	RA085	Metagenome
SRR5091607	SAMN06111974	SRX2408546	PRJNA356102	408170	human gut metagenome	ftp.sra.ebi.ac.uk/vol1/fastq/SRR509/007/SRR5091607/SRR5091607_1.fastq.gz;ftp.sra.ebi.ac.uk/vol1/fastq/SRR509/007/SRR5091607/SRR5091607_2.fastq.gz		ftp.sra.ebi.ac.uk/vol1/srr/SRR509/007/SRR5091607	N309	Metagenome
SRR5091616	SAMN06112069	SRX2408555	PRJNA356102	408170	human gut metagenome	ftp.sra.ebi.ac.uk/vol1/fastq/SRR509/006/SRR5091616/SRR5091616_1.fastq.gz;ftp.sra.ebi.ac.uk/vol1/fastq/SRR509/006/SRR5091616/SRR5091616_2.fastq.gz		ftp.sra.ebi.ac.uk/vol1/srr/SRR509/006/SRR5091616	RA027	Metagenome
SRR5091619	SAMN06112044	SRX2408558	PRJNA356102	408170	human gut metagenome	ftp.sra.ebi.ac.uk/vol1/fastq/SRR509/009/SRR5091619/SRR5091619_1.fastq.gz;ftp.sra.ebi.ac.uk/vol1/fastq/SRR509/009/SRR5091619/SRR5091619_2.fastq.gz		ftp.sra.ebi.ac.uk/vol1/srr/SRR509/009/SRR5091619	N029	Metagenome

